"Station Name","OUTLOOK PFRA"
"Province","SASKATCHEWAN"
"Latitude","51.48"
"Longitude","-107.05"
"Elevation","541.00"
"Climate Identifier","4055736"
"WMO Identifier","71551"
"TC Identifier","WYE"
"All times are specified in Local Standard Time (LST). Add 1 hour to adjust for Daylight Saving Time where and when it is observed."

"Legend"
"E","Estimated"
"M","Missing"
"NA","Not Available"
"‡","Partner data that is not subject to review by the National Climate Archives"

"Date/Time","Year","Month","Day","Time","Data Quality","Temp (°C)","Temp Flag","Dew Point Temp (°C)","Dew Point Temp Flag","Rel Hum (%)","Rel Hum Flag","Wind Dir (10s deg)","Wind Dir Flag","Wind Spd (km/h)","Wind Spd Flag","Visibility (km)","Visibility Flag","Stn Press (kPa)","Stn Press Flag","Hmdx","Hmdx Flag","Wind Chill","Wind Chill Flag","Weather"
"1999-08-01 00:00","1999","08","01","00:00"," ","9.2","","7.9","","92","","23","","4","","","M","","M","","","","","NA"
"1999-08-01 01:00","1999","08","01","01:00"," ","7.9","","7.4","","97","","","","0","","","M","","M","","","","","NA"
"1999-08-01 02:00","1999","08","01","02:00"," ","8.0","","7.1","","94","","29","","6","","","M","","M","","","","","NA"
"1999-08-01 03:00","1999","08","01","03:00"," ","7.6","","7.0","","96","","26","","4","","","M","","M","","","","","NA"
"1999-08-01 04:00","1999","08","01","04:00"," ","7.2","","6.7","","97","","26","","6","","","M","","M","","","","","NA"
"1999-08-01 05:00","1999","08","01","05:00"," ","6.5","","6.1","","97","","27","","7","","","M","","M","","","","","NA"
"1999-08-01 06:00","1999","08","01","06:00"," ","7.0","","6.2","","95","","29","","7","","","M","","M","","","","","NA"
"1999-08-01 07:00","1999","08","01","07:00"," ","8.5","","7.2","","92","","25","","2","","","M","","M","","","","","NA"
"1999-08-01 08:00","1999","08","01","08:00"," ","10.7","","8.7","","87","","25","","4","","","M","","M","","","","","NA"
"1999-08-01 09:00","1999","08","01","09:00"," ","13.2","","9.4","","78","","30","","6","","","M","","M","","","","","NA"
"1999-08-01 10:00","1999","08","01","10:00"," ","15.4","","9.2","","67","","28","","6","","","M","","M","","","","","NA"
"1999-08-01 11:00","1999","08","01","11:00"," ","16.8","","9.0","","60","","34","","7","","","M","","M","","","","","NA"
"1999-08-01 12:00","1999","08","01","12:00"," ","17.6","","9.1","","57","","30","","4","","","M","","M","","","","","NA"
"1999-08-01 13:00","1999","08","01","13:00"," ","17.5","","8.2","","54","","34","","4","","","M","","M","","","","","NA"
"1999-08-01 14:00","1999","08","01","14:00"," ","17.6","","8.1","","54","","30","","9","","","M","","M","","","","","NA"
"1999-08-01 15:00","1999","08","01","15:00"," ","19.2","","8.5","","50","","28","","6","","","M","","M","","","","","NA"
"1999-08-01 16:00","1999","08","01","16:00"," ","19.7","","7.4","","45","","36","","9","","","M","","M","","","","","NA"
"1999-08-01 17:00","1999","08","01","17:00"," ","19.6","","6.9","","44","","35","","6","","","M","","M","","","","","NA"
"1999-08-01 18:00","1999","08","01","18:00"," ","19.9","","7.2","","44","","7","","2","","","M","","M","","","","","NA"
"1999-08-01 19:00","1999","08","01","19:00"," ","19.6","","8.3","","48","","36","","4","","","M","","M","","","","","NA"
"1999-08-01 20:00","1999","08","01","20:00"," ","17.3","","10.0","","62","","4","","6","","","M","","M","","","","","NA"
"1999-08-01 21:00","1999","08","01","21:00"," ","15.8","","10.0","","68","","7","","7","","","M","","M","","","","","NA"
"1999-08-01 22:00","1999","08","01","22:00"," ","13.5","","9.8","","78","","6","","7","","","M","","M","","","","","NA"
"1999-08-01 23:00","1999","08","01","23:00"," ","11.8","","8.8","","82","","8","","9","","","M","","M","","","","","NA"
"1999-08-02 00:00","1999","08","02","00:00"," ","10.2","","8.2","","87","","18","","6","","","M","","M","","","","","NA"
"1999-08-02 01:00","1999","08","02","01:00"," ","10.3","","8.1","","86","","18","","7","","","M","","M","","","","","NA"
"1999-08-02 02:00","1999","08","02","02:00"," ","9.6","","8.4","","92","","20","","4","","","M","","M","","","","","NA"
"1999-08-02 03:00","1999","08","02","03:00"," ","8.1","","7.8","","98","","16","","6","","","M","","M","","","","","NA"
"1999-08-02 04:00","1999","08","02","04:00"," ","7.6","","7.3","","98","","18","","7","","","M","","M","","","","","NA"
"1999-08-02 05:00","1999","08","02","05:00"," ","7.2","","7.1","","99","","14","","6","","","M","","M","","","","","NA"
"1999-08-02 06:00","1999","08","02","06:00"," ","7.1","","7.0","","99","","17","","7","","","M","","M","","","","","NA"
"1999-08-02 07:00","1999","08","02","07:00"," ","9.7","","9.3","","97","","14","","2","","","M","","M","","","","","NA"
"1999-08-02 08:00","1999","08","02","08:00"," ","13.4","","11.2","","87","","14","","4","","","M","","M","","","","","NA"
"1999-08-02 09:00","1999","08","02","09:00"," ","16.4","","10.8","","69","","16","","7","","","M","","M","","","","","NA"
"1999-08-02 10:00","1999","08","02","10:00"," ","18.6","","8.9","","53","","20","","4","","","M","","M","","","","","NA"
"1999-08-02 11:00","1999","08","02","11:00"," ","20.3","","10.3","","53","","33","","9","","","M","","M","","","","","NA"
"1999-08-02 12:00","1999","08","02","12:00"," ","20.9","","10.0","","50","","33","","7","","","M","","M","","","","","NA"
"1999-08-02 13:00","1999","08","02","13:00"," ","21.7","","8.6","","43","","35","","7","","","M","","M","","","","","NA"
"1999-08-02 14:00","1999","08","02","14:00"," ","21.8","","9.1","","44","","13","","2","","","M","","M","","","","","NA"
"1999-08-02 15:00","1999","08","02","15:00"," ","21.7","","9.5","","46","","31","","7","","","M","","M","","","","","NA"
"1999-08-02 16:00","1999","08","02","16:00"," ","22.7","","9.3","","42","","6","","2","","","M","","M","","","","","NA"
"1999-08-02 17:00","1999","08","02","17:00"," ","21.9","","8.1","","41","","33","","4","","","M","","M","","","","","NA"
"1999-08-02 18:00","1999","08","02","18:00"," ","21.8","","9.1","","44","","30","","9","","","M","","M","","","","","NA"
"1999-08-02 19:00","1999","08","02","19:00"," ","22.1","","9.5","","45","","31","","6","","","M","","M","","","","","NA"
"1999-08-02 20:00","1999","08","02","20:00"," ","19.8","","11.5","","59","","29","","4","","","M","","M","","","","","NA"
"1999-08-02 21:00","1999","08","02","21:00"," ","17.9","","11.4","","66","","","","0","","","M","","M","","","","","NA"
"1999-08-02 22:00","1999","08","02","22:00"," ","15.4","","10.6","","73","","22","","6","","","M","","M","","","","","NA"
"1999-08-02 23:00","1999","08","02","23:00"," ","13.4","","10.0","","80","","16","","9","","","M","","M","","","","","NA"
"1999-08-03 00:00","1999","08","03","00:00"," ","12.0","","9.8","","86","","21","","6","","","M","","M","","","","","NA"
"1999-08-03 01:00","1999","08","03","01:00"," ","11.3","","10.2","","93","","17","","6","","","M","","M","","","","","NA"
"1999-08-03 02:00","1999","08","03","02:00"," ","10.3","","9.6","","95","","17","","6","","","M","","M","","","","","NA"
"1999-08-03 03:00","1999","08","03","03:00"," ","9.7","","8.6","","93","","22","","4","","","M","","M","","","","","NA"
"1999-08-03 04:00","1999","08","03","04:00"," ","10.7","","9.5","","92","","29","","9","","","M","","M","","","","","NA"
"1999-08-03 05:00","1999","08","03","05:00"," ","11.9","","9.3","","84","","25","","7","","","M","","M","","","","","NA"
"1999-08-03 06:00","1999","08","03","06:00"," ","12.1","","9.5","","84","","26","","6","","","M","","M","","","","","NA"
"1999-08-03 07:00","1999","08","03","07:00"," ","13.7","","11.0","","84","","25","","7","","","M","","M","","","","","NA"
"1999-08-03 08:00","1999","08","03","08:00"," ","16.5","","12.0","","75","","27","","9","","","M","","M","","","","","NA"
"1999-08-03 09:00","1999","08","03","09:00"," ","18.6","","12.1","","66","","26","","7","","","M","","M","","","","","NA"
"1999-08-03 10:00","1999","08","03","10:00"," ","20.8","","13.2","","62","","28","","13","","","M","","M","","","","","NA"
"1999-08-03 11:00","1999","08","03","11:00"," ","22.3","","12.9","","55","","29","","15","","","M","","M","25","","","","NA"
"1999-08-03 12:00","1999","08","03","12:00"," ","23.2","","12.5","","51","","28","","11","","","M","","M","26","","","","NA"
"1999-08-03 13:00","1999","08","03","13:00"
"1999-08-03 14:00","1999","08","03","14:00"
"1999-08-03 15:00","1999","08","03","15:00"
"1999-08-03 16:00","1999","08","03","16:00"
"1999-08-03 17:00","1999","08","03","17:00"
"1999-08-03 18:00","1999","08","03","18:00"," ","25.9","","11.1","","40","","31","","9","","","M","","M","28","","","","NA"
"1999-08-03 19:00","1999","08","03","19:00"," ","25.4","","11.4","","42","","33","","9","","","M","","M","27","","","","NA"
"1999-08-03 20:00","1999","08","03","20:00"," ","23.1","","13.4","","54","","36","","9","","","M","","M","26","","","","NA"
"1999-08-03 21:00","1999","08","03","21:00"," ","20.1","","13.1","","64","","1","","9","","","M","","M","","","","","NA"
"1999-08-03 22:00","1999","08","03","22:00"," ","18.1","","13.0","","72","","33","","2","","","M","","M","","","","","NA"
"1999-08-03 23:00","1999","08","03","23:00"," ","16.0","","13.4","","85","","25","","4","","","M","","M","","","","","NA"
"1999-08-04 00:00","1999","08","04","00:00"," ","15.4","","12.9","","85","","28","","2","","","M","","M","","","","","NA"
"1999-08-04 01:00","1999","08","04","01:00"," ","13.6","","12.4","","92","","24","","4","","","M","","M","","","","","NA"
"1999-08-04 02:00","1999","08","04","02:00"," ","14.0","","11.7","","86","","27","","6","","","M","","M","","","","","NA"
"1999-08-04 03:00","1999","08","04","03:00"," ","13.5","","11.5","","88","","28","","11","","","M","","M","","","","","NA"
"1999-08-04 04:00","1999","08","04","04:00"," ","13.3","","11.6","","89","","28","","6","","","M","","M","","","","","NA"
"1999-08-04 05:00","1999","08","04","05:00"," ","13.2","","11.6","","90","","27","","7","","","M","","M","","","","","NA"
"1999-08-04 06:00","1999","08","04","06:00"," ","13.6","","11.4","","87","","26","","9","","","M","","M","","","","","NA"
"1999-08-04 07:00","1999","08","04","07:00"," ","15.2","","12.6","","84","","25","","11","","","M","","M","","","","","NA"
"1999-08-04 08:00","1999","08","04","08:00"," ","18.0","","13.3","","74","","27","","17","","","M","","M","","","","","NA"
"1999-08-04 09:00","1999","08","04","09:00"," ","20.2","","14.8","","71","","29","","13","","","M","","M","","","","","NA"
"1999-08-04 10:00","1999","08","04","10:00"," ","22.7","","15.3","","63","","28","","11","","","M","","M","27","","","","NA"
"1999-08-04 11:00","1999","08","04","11:00"," ","24.9","","15.3","","55","","31","","11","","","M","","M","29","","","","NA"
"1999-08-04 12:00","1999","08","04","12:00"," ","26.3","","16.3","","54","","28","","13","","","M","","M","31","","","","NA"
"1999-08-04 13:00","1999","08","04","13:00"," ","27.2","","14.6","","46","","28","","13","","","M","","M","31","","","","NA"
"1999-08-04 14:00","1999","08","04","14:00"," ","28.2","","15.0","","45","","29","","13","","","M","","M","32","","","","NA"
"1999-08-04 15:00","1999","08","04","15:00"," ","29.0","","13.4","","38","","33","","15","","","M","","M","32","","","","NA"
"1999-08-04 16:00","1999","08","04","16:00"," ","29.0","","13.3","","38","","34","","11","","","M","","M","32","","","","NA"
"1999-08-04 17:00","1999","08","04","17:00"," ","28.6","","13.0","","38","","36","","13","","","M","","M","31","","","","NA"
"1999-08-04 18:00","1999","08","04","18:00"," ","28.2","","12.6","","38","","36","","13","","","M","","M","31","","","","NA"
"1999-08-04 19:00","1999","08","04","19:00"," ","26.9","","13.8","","44","","36","","13","","","M","","M","30","","","","NA"
"1999-08-04 20:00","1999","08","04","20:00"," ","25.2","","15.7","","56","","1","","7","","","M","","M","30","","","","NA"
"1999-08-04 21:00","1999","08","04","21:00"," ","23.1","","15.4","","62","","36","","7","","","M","","M","27","","","","NA"
"1999-08-04 22:00","1999","08","04","22:00"," ","20.7","","15.7","","73","","3","","7","","","M","","M","25","","","","NA"
"1999-08-04 23:00","1999","08","04","23:00"," ","17.9","","14.9","","83","","","","0","","","M","","M","","","","","NA"
"1999-08-05 00:00","1999","08","05","00:00"," ","17.4","","15.6","","89","","25","","6","","","M","","M","","","","","NA"
"1999-08-05 01:00","1999","08","05","01:00"," ","16.0","","14.7","","92","","21","","6","","","M","","M","","","","","NA"
"1999-08-05 02:00","1999","08","05","02:00"," ","14.0","","13.3","","96","","19","","6","","","M","","M","","","","","NA"
"1999-08-05 03:00","1999","08","05","03:00"," ","13.5","","13.1","","97","","18","","6","","","M","","M","","","","","NA"
"1999-08-05 04:00","1999","08","05","04:00"," ","12.7","","12.4","","98","","18","","4","","","M","","M","","","","","NA"
"1999-08-05 05:00","1999","08","05","05:00"," ","12.3","","11.9","","97","","19","","4","","","M","","M","","","","","NA"
"1999-08-05 06:00","1999","08","05","06:00"," ","12.2","","12.2","","100","","27","","2","","","M","","M","","","","","NA"
"1999-08-05 07:00","1999","08","05","07:00"," ","15.1","","14.6","","97","","24","","2","","","M","","M","","","","","NA"
"1999-08-05 08:00","1999","08","05","08:00"," ","18.4","","16.0","","86","","30","","4","","","M","","M","","","","","NA"
"1999-08-05 09:00","1999","08","05","09:00"," ","21.2","","17.0","","77","","27","","7","","","M","","M","26","","","","NA"
"1999-08-05 10:00","1999","08","05","10:00"," ","23.6","","17.0","","67","","26","","6","","","M","","M","29","","","","NA"
"1999-08-05 11:00","1999","08","05","11:00"," ","25.8","","16.7","","57","","24","","7","","","M","","M","31","","","","NA"
"1999-08-05 12:00","1999","08","05","12:00"," ","27.2","","16.7","","53","","32","","7","","","M","","M","32","","","","NA"
"1999-08-05 13:00","1999","08","05","13:00"," ","28.2","","15.1","","45","","28","","6","","","M","","M","32","","","","NA"
"1999-08-05 14:00","1999","08","05","14:00"," ","28.2","","16.3","","48","","30","","7","","","M","","M","33","","","","NA"
"1999-08-05 15:00","1999","08","05","15:00"," ","28.8","","14.5","","42","","36","","6","","","M","","M","32","","","","NA"
"1999-08-05 16:00","1999","08","05","16:00"," ","28.7","","15.4","","44","","28","","9","","","M","","M","33","","","","NA"
"1999-08-05 17:00","1999","08","05","17:00"," ","28.7","","15.3","","44","","29","","6","","","M","","M","33","","","","NA"
"1999-08-05 18:00","1999","08","05","18:00"," ","28.6","","16.6","","48","","32","","6","","","M","","M","34","","","","NA"
"1999-08-05 19:00","1999","08","05","19:00"," ","27.7","","15.3","","47","","35","","7","","","M","","M","32","","","","NA"
"1999-08-05 20:00","1999","08","05","20:00"," ","25.4","","16.7","","59","","2","","7","","","M","","M","30","","","","NA"
"1999-08-05 21:00","1999","08","05","21:00"," ","20.4","","15.7","","74","","7","","13","","","M","","M","25","","","","NA"
"1999-08-05 22:00","1999","08","05","22:00"," ","19.5","","15.1","","76","","","","0","","","M","","M","","","","","NA"
"1999-08-05 23:00","1999","08","05","23:00"," ","20.1","","15.1","","73","","30","","4","","","M","","M","","","","","NA"
"1999-08-06 00:00","1999","08","06","00:00"," ","18.5","","14.7","","79","","7","","13","","","M","","M","","","","","NA"
"1999-08-06 01:00","1999","08","06","01:00"," ","18.3","","14.8","","80","","9","","7","","","M","","M","","","","","NA"
"1999-08-06 02:00","1999","08","06","02:00"," ","17.8","","14.9","","83","","10","","9","","","M","","M","","","","","NA"
"1999-08-06 03:00","1999","08","06","03:00"," ","17.3","","15.0","","86","","5","","7","","","M","","M","","","","","NA"
"1999-08-06 04:00","1999","08","06","04:00"," ","17.6","","15.3","","86","","30","","19","","","M","","M","","","","","NA"
"1999-08-06 05:00","1999","08","06","05:00"," ","16.5","","16.3","","99","","33","","15","","","M","","M","","","","","NA"
"1999-08-06 06:00","1999","08","06","06:00"," ","15.8","","15.5","","98","","8","","6","","","M","","M","","","","","NA"
"1999-08-06 07:00","1999","08","06","07:00"," ","16.0","","15.5","","97","","5","","6","","","M","","M","","","","","NA"
"1999-08-06 08:00","1999","08","06","08:00"," ","16.7","","16.2","","97","","15","","4","","","M","","M","","","","","NA"
"1999-08-06 09:00","1999","08","06","09:00"," ","18.4","","16.2","","87","","14","","6","","","M","","M","","","","","NA"
"1999-08-06 10:00","1999","08","06","10:00"," ","19.0","","16.1","","83","","10","","6","","","M","","M","","","","","NA"
"1999-08-06 11:00","1999","08","06","11:00"," ","20.1","","16.1","","78","","10","","4","","","M","","M","25","","","","NA"
"1999-08-06 12:00","1999","08","06","12:00"," ","21.8","","16.5","","72","","5","","4","","","M","","M","27","","","","NA"
"1999-08-06 13:00","1999","08","06","13:00"," ","21.7","","16.9","","74","","9","","6","","","M","","M","27","","","","NA"
"1999-08-06 14:00","1999","08","06","14:00"," ","22.3","","16.5","","70","","35","","2","","","M","","M","27","","","","NA"
"1999-08-06 15:00","1999","08","06","15:00"," ","23.6","","16.6","","65","","8","","2","","","M","","M","29","","","","NA"
"1999-08-06 16:00","1999","08","06","16:00"," ","21.4","","17.9","","80","","29","","4","","","M","","M","27","","","","NA"
"1999-08-06 17:00","1999","08","06","17:00"," ","22.3","","16.8","","71","","15","","2","","","M","","M","27","","","","NA"
"1999-08-06 18:00","1999","08","06","18:00"," ","20.2","","15.3","","73","","3","","24","","","M","","M","","","","","NA"
"1999-08-06 19:00","1999","08","06","19:00"," ","17.3","","16.8","","97","","10","","4","","","M","","M","","","","","NA"
"1999-08-06 20:00","1999","08","06","20:00"," ","18.2","","16.8","","92","","8","","19","","","M","","M","","","","","NA"
"1999-08-06 21:00","1999","08","06","21:00"," ","16.3","","15.2","","93","","6","","15","","","M","","M","","","","","NA"
"1999-08-06 22:00","1999","08","06","22:00"," ","15.1","","14.5","","96","","7","","11","","","M","","M","","","","","NA"
"1999-08-06 23:00","1999","08","06","23:00"," ","14.0","","13.8","","99","","4","","6","","","M","","M","","","","","NA"
"1999-08-07 00:00","1999","08","07","00:00"," ","13.0","","12.9","","99","","5","","7","","","M","","M","","","","","NA"
"1999-08-07 01:00","1999","08","07","01:00"," ","12.4","","12.3","","99","","5","","6","","","M","","M","","","","","NA"
"1999-08-07 02:00","1999","08","07","02:00"," ","11.9","","11.9","","100","","6","","7","","","M","","M","","","","","NA"
"1999-08-07 03:00","1999","08","07","03:00"," ","11.2","","11.1","","99","","5","","7","","","M","","M","","","","","NA"
"1999-08-07 04:00","1999","08","07","04:00"," ","10.8","","10.7","","99","","7","","9","","","M","","M","","","","","NA"
"1999-08-07 05:00","1999","08","07","05:00"," ","10.3","","10.2","","99","","14","","6","","","M","","M","","","","","NA"
"1999-08-07 06:00","1999","08","07","06:00"," ","10.2","","9.9","","98","","9","","9","","","M","","M","","","","","NA"
"1999-08-07 07:00","1999","08","07","07:00"," ","11.1","","10.5","","96","","13","","11","","","M","","M","","","","","NA"
"1999-08-07 08:00","1999","08","07","08:00"," ","12.8","","11.7","","93","","14","","17","","","M","","M","","","","","NA"
"1999-08-07 09:00","1999","08","07","09:00"," ","14.7","","12.7","","88","","15","","17","","","M","","M","","","","","NA"
"1999-08-07 10:00","1999","08","07","10:00"," ","15.3","","11.8","","80","","16","","20","","","M","","M","","","","","NA"
"1999-08-07 11:00","1999","08","07","11:00"," ","16.6","","12.1","","75","","17","","22","","","M","","M","","","","","NA"
"1999-08-07 12:00","1999","08","07","12:00"," ","17.9","","11.4","","66","","13","","24","","","M","","M","","","","","NA"
"1999-08-07 13:00","1999","08","07","13:00"," ","19.0","","12.4","","66","","15","","15","","","M","","M","","","","","NA"
"1999-08-07 14:00","1999","08","07","14:00"," ","19.6","","11.1","","58","","16","","19","","","M","","M","","","","","NA"
"1999-08-07 15:00","1999","08","07","15:00"," ","20.2","","11.6","","58","","15","","17","","","M","","M","","","","","NA"
"1999-08-07 16:00","1999","08","07","16:00"," ","20.3","","10.1","","52","","16","","19","","","M","","M","","","","","NA"
"1999-08-07 17:00","1999","08","07","17:00"," ","19.5","","11.0","","58","","14","","15","","","M","","M","","","","","NA"
"1999-08-07 18:00","1999","08","07","18:00"," ","19.0","","11.8","","63","","14","","17","","","M","","M","","","","","NA"
"1999-08-07 19:00","1999","08","07","19:00"," ","18.7","","12.8","","69","","13","","15","","","M","","M","","","","","NA"
"1999-08-07 20:00","1999","08","07","20:00"," ","18.0","","12.6","","71","","12","","15","","","M","","M","","","","","NA"
"1999-08-07 21:00","1999","08","07","21:00"," ","16.8","","12.7","","77","","12","","15","","","M","","M","","","","","NA"
"1999-08-07 22:00","1999","08","07","22:00"," ","15.7","","12.4","","81","","14","","19","","","M","","M","","","","","NA"
"1999-08-07 23:00","1999","08","07","23:00"," ","15.0","","11.7","","81","","14","","19","","","M","","M","","","","","NA"
"1999-08-08 00:00","1999","08","08","00:00"," ","14.8","","10.7","","76","","15","","19","","","M","","M","","","","","NA"
"1999-08-08 01:00","1999","08","08","01:00"," ","13.8","","11.4","","85","","15","","15","","","M","","M","","","","","NA"
"1999-08-08 02:00","1999","08","08","02:00"," ","14.2","","12.1","","87","","16","","9","","","M","","M","","","","","NA"
"1999-08-08 03:00","1999","08","08","03:00"," ","15.1","","12.6","","85","","14","","11","","","M","","M","","","","","NA"
"1999-08-08 04:00","1999","08","08","04:00"," ","15.6","","12.7","","83","","14","","15","","","M","","M","","","","","NA"
"1999-08-08 05:00","1999","08","08","05:00"," ","15.4","","12.7","","84","","15","","19","","","M","","M","","","","","NA"
"1999-08-08 06:00","1999","08","08","06:00"," ","15.1","","13.6","","91","","16","","13","","","M","","M","","","","","NA"
"1999-08-08 07:00","1999","08","08","07:00"," ","15.3","","14.4","","94","","15","","9","","","M","","M","","","","","NA"
"1999-08-08 08:00","1999","08","08","08:00"," ","15.7","","14.7","","94","","14","","17","","","M","","M","","","","","NA"
"1999-08-08 09:00","1999","08","08","09:00"," ","16.5","","15.5","","94","","14","","11","","","M","","M","","","","","NA"
"1999-08-08 10:00","1999","08","08","10:00"," ","18.9","","16.4","","85","","16","","17","","","M","","M","","","","","NA"
"1999-08-08 11:00","1999","08","08","11:00"," ","22.3","","17.9","","76","","19","","13","","","M","","M","28","","","","NA"
"1999-08-08 12:00","1999","08","08","12:00"," ","24.8","","17.4","","63","","22","","19","","","M","","M","30","","","","NA"
"1999-08-08 13:00","1999","08","08","13:00"," ","25.3","","17.2","","61","","24","","20","","","M","","M","31","","","","NA"
"1999-08-08 14:00","1999","08","08","14:00"," ","25.8","","16.0","","55","","25","","19","","","M","","M","30","","","","NA"
"1999-08-08 15:00","1999","08","08","15:00"," ","27.0","","13.8","","44","","24","","22","","","M","","M","30","","","","NA"
"1999-08-08 16:00","1999","08","08","16:00"," ","27.3","","11.7","","38","","24","","20","","","M","","M","29","","","","NA"
"1999-08-08 17:00","1999","08","08","17:00"," ","27.1","","11.7","","38","","25","","19","","","M","","M","29","","","","NA"
"1999-08-08 18:00","1999","08","08","18:00"," ","26.9","","11.7","","39","","25","","17","","","M","","M","29","","","","NA"
"1999-08-08 19:00","1999","08","08","19:00"," ","25.5","","14.9","","52","","26","","9","","","M","","M","29","","","","NA"
"1999-08-08 20:00","1999","08","08","20:00"," ","23.3","","15.6","","62","","22","","7","","","M","","M","28","","","","NA"
"1999-08-08 21:00","1999","08","08","21:00"," ","19.7","","16.2","","80","","25","","20","","","M","","M","","","","","NA"
"1999-08-08 22:00","1999","08","08","22:00"," ","18.7","","16.0","","84","","36","","9","","","M","","M","","","","","NA"
"1999-08-08 23:00","1999","08","08","23:00"," ","18.3","","17.2","","93","","27","","9","","","M","","M","","","","","NA"
"1999-08-09 00:00","1999","08","09","00:00"," ","17.5","","16.5","","94","","27","","20","","","M","","M","","","","","NA"
"1999-08-09 01:00","1999","08","09","01:00"," ","16.7","","16.0","","96","","28","","17","","","M","","M","","","","","NA"
"1999-08-09 02:00","1999","08","09","02:00"," ","17.1","","16.7","","97","","25","","11","","","M","","M","","","","","NA"
"1999-08-09 03:00","1999","08","09","03:00"," ","17.2","","16.2","","94","","28","","19","","","M","","M","","","","","NA"
"1999-08-09 04:00","1999","08","09","04:00"," ","15.1","","14.1","","94","","28","","13","","","M","","M","","","","","NA"
"1999-08-09 05:00","1999","08","09","05:00"," ","14.4","","13.8","","96","","25","","9","","","M","","M","","","","","NA"
"1999-08-09 06:00","1999","08","09","06:00"," ","14.8","","13.8","","94","","28","","13","","","M","","M","","","","","NA"
"1999-08-09 07:00","1999","08","09","07:00"," ","15.6","","14.5","","93","","27","","9","","","M","","M","","","","","NA"
"1999-08-09 08:00","1999","08","09","08:00"," ","16.8","","15.1","","90","","29","","17","","","M","","M","","","","","NA"
"1999-08-09 09:00","1999","08","09","09:00"," ","19.0","","15.6","","81","","30","","15","","","M","","M","","","","","NA"
"1999-08-09 10:00","1999","08","09","10:00"," ","20.0","","15.2","","74","","31","","20","","","M","","M","","","","","NA"
"1999-08-09 11:00","1999","08","09","11:00"," ","21.3","","16.7","","75","","31","","19","","","M","","M","26","","","","NA"
"1999-08-09 12:00","1999","08","09","12:00"," ","21.6","","16.6","","73","","30","","17","","","M","","M","27","","","","NA"
"1999-08-09 13:00","1999","08","09","13:00"," ","22.1","","15.9","","68","","31","","22","","","M","","M","27","","","","NA"
"1999-08-09 14:00","1999","08","09","14:00"," ","23.1","","15.8","","63","","32","","19","","","M","","M","28","","","","NA"
"1999-08-09 15:00","1999","08","09","15:00"," ","23.1","","14.6","","59","","32","","19","","","M","","M","27","","","","NA"
"1999-08-09 16:00","1999","08","09","16:00"," ","23.2","","15.5","","62","","34","","15","","","M","","M","27","","","","NA"
"1999-08-09 17:00","1999","08","09","17:00"," ","22.9","","14.5","","59","","32","","15","","","M","","M","27","","","","NA"
"1999-08-09 18:00","1999","08","09","18:00"," ","23.3","","14.6","","58","","32","","11","","","M","","M","27","","","","NA"
"1999-08-09 19:00","1999","08","09","19:00"," ","22.9","","15.0","","61","","31","","9","","","M","","M","27","","","","NA"
"1999-08-09 20:00","1999","08","09","20:00"," ","21.7","","15.5","","68","","31","","4","","","M","","M","26","","","","NA"
"1999-08-09 21:00","1999","08","09","21:00"," ","19.7","","15.8","","78","","28","","4","","","M","","M","","","","","NA"
"1999-08-09 22:00","1999","08","09","22:00"," ","18.2","","15.6","","85","","30","","6","","","M","","M","","","","","NA"
"1999-08-09 23:00","1999","08","09","23:00"," ","17.7","","15.5","","87","","35","","7","","","M","","M","","","","","NA"
"1999-08-10 00:00","1999","08","10","00:00"," ","15.5","","14.2","","92","","5","","15","","","M","","M","","","","","NA"
"1999-08-10 01:00","1999","08","10","01:00"," ","14.0","","13.6","","97","","6","","9","","","M","","M","","","","","NA"
"1999-08-10 02:00","1999","08","10","02:00"," ","13.2","","13.1","","99","","11","","4","","","M","","M","","","","","NA"
"1999-08-10 03:00","1999","08","10","03:00"," ","11.9","","11.8","","99","","5","","9","","","M","","M","","","","","NA"
"1999-08-10 04:00","1999","08","10","04:00"," ","11.7","","11.4","","98","","4","","9","","","M","","M","","","","","NA"
"1999-08-10 05:00","1999","08","10","05:00"," ","10.6","","10.5","","99","","8","","6","","","M","","M","","","","","NA"
"1999-08-10 06:00","1999","08","10","06:00"," ","11.4","","11.3","","99","","3","","9","","","M","","M","","","","","NA"
"1999-08-10 07:00","1999","08","10","07:00"," ","11.4","","11.2","","99","","3","","15","","","M","","M","","","","","NA"
"1999-08-10 08:00","1999","08","10","08:00"," ","11.7","","11.6","","99","","36","","17","","","M","","M","","","","","NA"
"1999-08-10 09:00","1999","08","10","09:00"," ","11.7","","11.6","","99","","2","","6","","","M","","M","","","","","NA"
"1999-08-10 10:00","1999","08","10","10:00"," ","12.3","","12.1","","99","","17","","6","","","M","","M","","","","","NA"
"1999-08-10 11:00","1999","08","10","11:00"," ","13.7","","13.1","","96","","12","","11","","","M","","M","","","","","NA"
"1999-08-10 12:00","1999","08","10","12:00"," ","15.4","","14.2","","93","","10","","13","","","M","","M","","","","","NA"
"1999-08-10 13:00","1999","08","10","13:00"," ","15.0","","14.1","","94","","3","","13","","","M","","M","","","","","NA"
"1999-08-10 14:00","1999","08","10","14:00"," ","15.6","","14.0","","90","","4","","19","","","M","","M","","","","","NA"
"1999-08-10 15:00","1999","08","10","15:00"," ","18.6","","14.7","","78","","9","","15","","","M","","M","","","","","NA"
"1999-08-10 16:00","1999","08","10","16:00"," ","18.1","","14.4","","79","","5","","20","","","M","","M","","","","","NA"
"1999-08-10 17:00","1999","08","10","17:00"," ","15.7","","13.9","","89","","4","","22","","","M","","M","","","","","NA"
"1999-08-10 18:00","1999","08","10","18:00"," ","16.0","","13.1","","83","","7","","19","","","M","","M","","","","","NA"
"1999-08-10 19:00","1999","08","10","19:00"," ","14.8","","12.3","","85","","7","","13","","","M","","M","","","","","NA"
"1999-08-10 20:00","1999","08","10","20:00"," ","14.3","","12.6","","90","","9","","7","","","M","","M","","","","","NA"
"1999-08-10 21:00","1999","08","10","21:00"," ","13.6","","12.8","","95","","12","","4","","","M","","M","","","","","NA"
"1999-08-10 22:00","1999","08","10","22:00"," ","13.1","","12.6","","97","","7","","4","","","M","","M","","","","","NA"
"1999-08-10 23:00","1999","08","10","23:00"," ","11.7","","11.5","","99","","5","","6","","","M","","M","","","","","NA"
"1999-08-11 00:00","1999","08","11","00:00"," ","12.5","","12.5","","100","","2","","9","","","M","","M","","","","","NA"
"1999-08-11 01:00","1999","08","11","01:00"," ","11.6","","11.4","","99","","5","","9","","","M","","M","","","","","NA"
"1999-08-11 02:00","1999","08","11","02:00"," ","12.1","","11.9","","99","","2","","9","","","M","","M","","","","","NA"
"1999-08-11 03:00","1999","08","11","03:00"," ","11.5","","11.1","","97","","3","","11","","","M","","M","","","","","NA"
"1999-08-11 04:00","1999","08","11","04:00"," ","10.9","","10.6","","98","","5","","9","","","M","","M","","","","","NA"
"1999-08-11 05:00","1999","08","11","05:00"," ","10.3","","10.1","","99","","5","","11","","","M","","M","","","","","NA"
"1999-08-11 06:00","1999","08","11","06:00"," ","9.8","","9.7","","99","","6","","9","","","M","","M","","","","","NA"
"1999-08-11 07:00","1999","08","11","07:00"," ","10.2","","10.1","","99","","6","","9","","","M","","M","","","","","NA"
"1999-08-11 08:00","1999","08","11","08:00"," ","12.5","","11.7","","95","","5","","11","","","M","","M","","","","","NA"
"1999-08-11 09:00","1999","08","11","09:00"," ","14.2","","11.8","","85","","7","","11","","","M","","M","","","","","NA"
"1999-08-11 10:00","1999","08","11","10:00"," ","15.3","","11.7","","79","","8","","11","","","M","","M","","","","","NA"
"1999-08-11 11:00","1999","08","11","11:00"," ","17.5","","12.2","","71","","7","","11","","","M","","M","","","","","NA"
"1999-08-11 12:00","1999","08","11","12:00"," ","17.9","","10.9","","64","","7","","15","","","M","","M","","","","","NA"
"1999-08-11 13:00","1999","08","11","13:00"," ","19.4","","12.2","","63","","9","","15","","","M","","M","","","","","NA"
"1999-08-11 14:00","1999","08","11","14:00"," ","20.1","","12.0","","60","","7","","9","","","M","","M","","","","","NA"
"1999-08-11 15:00","1999","08","11","15:00"," ","20.1","","12.1","","60","","8","","15","","","M","","M","","","","","NA"
"1999-08-11 16:00","1999","08","11","16:00"," ","20.5","","11.1","","55","","9","","13","","","M","","M","","","","","NA"
"1999-08-11 17:00","1999","08","11","17:00"," ","20.6","","11.6","","56","","9","","11","","","M","","M","","","","","NA"
"1999-08-11 18:00","1999","08","11","18:00"," ","20.0","","13.0","","64","","9","","11","","","M","","M","","","","","NA"
"1999-08-11 19:00","1999","08","11","19:00"," ","18.6","","12.9","","69","","6","","15","","","M","","M","","","","","NA"
"1999-08-11 20:00","1999","08","11","20:00"," ","17.3","","12.9","","75","","7","","11","","","M","","M","","","","","NA"
"1999-08-11 21:00","1999","08","11","21:00"," ","15.7","","12.9","","83","","6","","11","","","M","","M","","","","","NA"
"1999-08-11 22:00","1999","08","11","22:00"," ","16.0","","11.0","","72","","11","","13","","","M","","M","","","","","NA"
"1999-08-11 23:00","1999","08","11","23:00"," ","15.4","","10.7","","74","","10","","9","","","M","","M","","","","","NA"
"1999-08-12 00:00","1999","08","12","00:00"," ","14.7","","10.6","","76","","14","","6","","","M","","M","","","","","NA"
"1999-08-12 01:00","1999","08","12","01:00"," ","12.4","","9.8","","84","","14","","9","","","M","","M","","","","","NA"
"1999-08-12 02:00","1999","08","12","02:00"," ","11.7","","9.4","","86","","16","","9","","","M","","M","","","","","NA"
"1999-08-12 03:00","1999","08","12","03:00"," ","11.4","","9.6","","89","","16","","11","","","M","","M","","","","","NA"
"1999-08-12 04:00","1999","08","12","04:00"," ","10.7","","9.5","","92","","16","","9","","","M","","M","","","","","NA"
"1999-08-12 05:00","1999","08","12","05:00"," ","10.3","","9.6","","95","","16","","4","","","M","","M","","","","","NA"
"1999-08-12 06:00","1999","08","12","06:00"," ","10.5","","10.1","","97","","30","","2","","","M","","M","","","","","NA"
"1999-08-12 07:00","1999","08","12","07:00"," ","11.5","","11.2","","98","","7","","4","","","M","","M","","","","","NA"
"1999-08-12 08:00","1999","08","12","08:00"," ","14.4","","11.6","","83","","12","","7","","","M","","M","","","","","NA"
"1999-08-12 09:00","1999","08","12","09:00"," ","16.5","","11.1","","70","","14","","6","","","M","","M","","","","","NA"
"1999-08-12 10:00","1999","08","12","10:00"," ","17.4","","10.1","","62","","8","","2","","","M","","M","","","","","NA"
"1999-08-12 11:00","1999","08","12","11:00"," ","19.1","","9.1","","52","","9","","6","","","M","","M","","","","","NA"
"1999-08-12 12:00","1999","08","12","12:00"," ","20.0","","10.6","","55","","8","","4","","","M","","M","","","","","NA"
"1999-08-12 13:00","1999","08","12","13:00"," ","19.8","","10.4","","55","","8","","11","","","M","","M","","","","","NA"
"1999-08-12 14:00","1999","08","12","14:00"," ","20.2","","10.5","","54","","6","","9","","","M","","M","","","","","NA"
"1999-08-12 15:00","1999","08","12","15:00"," ","20.5","","11.0","","54","","18","","7","","","M","","M","","","","","NA"
"1999-08-12 16:00","1999","08","12","16:00"," ","21.8","","9.6","","46","","18","","4","","","M","","M","","","","","NA"
"1999-08-12 17:00","1999","08","12","17:00"," ","21.2","","11.8","","55","","15","","7","","","M","","M","","","","","NA"
"1999-08-12 18:00","1999","08","12","18:00"," ","19.8","","11.8","","60","","11","","6","","","M","","M","","","","","NA"
"1999-08-12 19:00","1999","08","12","19:00"," ","18.7","","12.5","","67","","8","","7","","","M","","M","","","","","NA"
"1999-08-12 20:00","1999","08","12","20:00"," ","17.3","","13.5","","78","","8","","6","","","M","","M","","","","","NA"
"1999-08-12 21:00","1999","08","12","21:00"," ","15.8","","12.9","","83","","11","","6","","","M","","M","","","","","NA"
"1999-08-12 22:00","1999","08","12","22:00"," ","14.8","","12.2","","84","","13","","7","","","M","","M","","","","","NA"
"1999-08-12 23:00","1999","08","12","23:00"," ","14.7","","11.7","","82","","17","","11","","","M","","M","","","","","NA"
"1999-08-13 00:00","1999","08","13","00:00"," ","14.4","","12.0","","85","","15","","6","","","M","","M","","","","","NA"
"1999-08-13 01:00","1999","08","13","01:00"," ","14.3","","11.9","","85","","16","","9","","","M","","M","","","","","NA"
"1999-08-13 02:00","1999","08","13","02:00"," ","13.8","","11.9","","88","","15","","9","","","M","","M","","","","","NA"
"1999-08-13 03:00","1999","08","13","03:00"," ","13.3","","12.5","","95","","13","","9","","","M","","M","","","","","NA"
"1999-08-13 04:00","1999","08","13","04:00"," ","13.4","","12.6","","95","","12","","9","","","M","","M","","","","","NA"
"1999-08-13 05:00","1999","08","13","05:00"," ","13.2","","12.3","","94","","13","","9","","","M","","M","","","","","NA"
"1999-08-13 06:00","1999","08","13","06:00"," ","13.3","","12.3","","94","","11","","9","","","M","","M","","","","","NA"
"1999-08-13 07:00","1999","08","13","07:00"," ","13.5","","12.3","","92","","13","","9","","","M","","M","","","","","NA"
"1999-08-13 08:00","1999","08","13","08:00"," ","14.6","","12.9","","90","","14","","17","","","M","","M","","","","","NA"
"1999-08-13 09:00","1999","08","13","09:00"," ","16.1","","13.8","","86","","14","","11","","","M","","M","","","","","NA"
"1999-08-13 10:00","1999","08","13","10:00"," ","18.6","","13.9","","74","","16","","20","","","M","","M","","","","","NA"
"1999-08-13 11:00","1999","08","13","11:00"," ","19.0","","13.5","","70","","15","","22","","","M","","M","","","","","NA"
"1999-08-13 12:00","1999","08","13","12:00"," ","","","","","","M","","","","","","","","","","","","","NA"
"1999-08-13 13:00","1999","08","13","13:00"," ","21.2","","12.8","","59","","15","","19","","","M","","M","","","","","NA"
"1999-08-13 14:00","1999","08","13","14:00"," ","21.7","","13.6","","60","","16","","15","","","M","","M","25","","","","NA"
"1999-08-13 15:00","1999","08","13","15:00"," ","21.5","","13.5","","60","","15","","19","","","M","","M","25","","","","NA"
"1999-08-13 16:00","1999","08","13","16:00"," ","21.9","","12.7","","56","","14","","20","","","M","","M","25","","","","NA"
"1999-08-13 17:00","1999","08","13","17:00"," ","20.8","","12.8","","60","","17","","19","","","M","","M","","","","","NA"
"1999-08-13 18:00","1999","08","13","18:00"," ","19.4","","14.0","","71","","15","","22","","","M","","M","","","","","NA"
"1999-08-13 19:00","1999","08","13","19:00"," ","19.6","","14.1","","71","","16","","24","","","M","","M","","","","","NA"
"1999-08-13 20:00","1999","08","13","20:00"," ","18.8","","14.0","","74","","15","","13","","","M","","M","","","","","NA"
"1999-08-13 21:00","1999","08","13","21:00"," ","16.3","","13.5","","83","","15","","9","","","M","","M","","","","","NA"
"1999-08-13 22:00","1999","08","13","22:00"," ","15.3","","13.6","","90","","17","","11","","","M","","M","","","","","NA"
"1999-08-13 23:00","1999","08","13","23:00"," ","13.4","","12.7","","96","","15","","7","","","M","","M","","","","","NA"
"1999-08-14 00:00","1999","08","14","00:00"," ","12.9","","12.2","","96","","15","","6","","","M","","M","","","","","NA"
"1999-08-14 01:00","1999","08","14","01:00"," ","12.6","","12.4","","99","","14","","7","","","M","","M","","","","","NA"
"1999-08-14 02:00","1999","08","14","02:00"," ","12.6","","12.4","","99","","29","","2","","","M","","M","","","","","NA"
"1999-08-14 03:00","1999","08","14","03:00"," ","12.3","","12.2","","99","","13","","6","","","M","","M","","","","","NA"
"1999-08-14 04:00","1999","08","14","04:00"," ","12.2","","12.1","","99","","","","0","","","M","","M","","","","","NA"
"1999-08-14 05:00","1999","08","14","05:00"," ","11.6","","11.5","","99","","15","","9","","","M","","M","","","","","NA"
"1999-08-14 06:00","1999","08","14","06:00"," ","11.5","","11.5","","100","","17","","11","","","M","","M","","","","","NA"
"1999-08-14 07:00","1999","08","14","07:00"," ","13.2","","13.0","","99","","18","","9","","","M","","M","","","","","NA"
"1999-08-14 08:00","1999","08","14","08:00"," ","13.8","","13.5","","98","","21","","7","","","M","","M","","","","","NA"
"1999-08-14 09:00","1999","08","14","09:00"," ","15.0","","14.5","","97","","19","","11","","","M","","M","","","","","NA"
"1999-08-14 10:00","1999","08","14","10:00"
"1999-08-14 11:00","1999","08","14","11:00"
"1999-08-14 12:00","1999","08","14","12:00"
"1999-08-14 13:00","1999","08","14","13:00"," ","20.5","","15.9","","75","","25","","9","","","M","","M","25","","","","NA"
"1999-08-14 14:00","1999","08","14","14:00"," ","21.6","","15.4","","68","","28","","11","","","M","","M","26","","","","NA"
"1999-08-14 15:00","1999","08","14","15:00"," ","23.3","","13.9","","56","","29","","11","","","M","","M","27","","","","NA"
"1999-08-14 16:00","1999","08","14","16:00"," ","23.6","","13.6","","53","","29","","13","","","M","","M","27","","","","NA"
"1999-08-14 17:00","1999","08","14","17:00"," ","22.9","","13.3","","55","","27","","9","","","M","","M","26","","","","NA"
"1999-08-14 18:00","1999","08","14","18:00"," ","21.8","","14.3","","62","","29","","9","","","M","","M","25","","","","NA"
"1999-08-14 19:00","1999","08","14","19:00"," ","21.3","","14.6","","66","","25","","7","","","M","","M","25","","","","NA"
"1999-08-14 20:00","1999","08","14","20:00"," ","20.0","","15.1","","73","","27","","9","","","M","","M","","","","","NA"
"1999-08-14 21:00","1999","08","14","21:00"," ","17.4","","14.8","","85","","25","","4","","","M","","M","","","","","NA"
"1999-08-14 22:00","1999","08","14","22:00"," ","16.4","","14.3","","87","","25","","7","","","M","","M","","","","","NA"
"1999-08-14 23:00","1999","08","14","23:00"," ","15.5","","14.0","","91","","21","","11","","","M","","M","","","","","NA"
"1999-08-15 00:00","1999","08","15","00:00"," ","13.3","","12.7","","96","","21","","4","","","M","","M","","","","","NA"
"1999-08-15 01:00","1999","08","15","01:00"," ","13.2","","13.0","","99","","22","","6","","","M","","M","","","","","NA"
"1999-08-15 02:00","1999","08","15","02:00"," ","12.1","","11.7","","97","","20","","9","","","M","","M","","","","","NA"
"1999-08-15 03:00","1999","08","15","03:00"," ","11.5","","11.2","","98","","17","","9","","","M","","M","","","","","NA"
"1999-08-15 04:00","1999","08","15","04:00"," ","11.7","","11.6","","99","","16","","9","","","M","","M","","","","","NA"
"1999-08-15 05:00","1999","08","15","05:00"," ","10.8","","10.8","","100","","25","","2","","","M","","M","","","","","NA"
"1999-08-15 06:00","1999","08","15","06:00"," ","9.6","","9.5","","99","","14","","7","","","M","","M","","","","","NA"
"1999-08-15 07:00","1999","08","15","07:00"," ","12.2","","12.2","","100","","9","","2","","","M","","M","","","","","NA"
"1999-08-15 08:00","1999","08","15","08:00"," ","15.4","","14.4","","94","","6","","2","","","M","","M","","","","","NA"
"1999-08-15 09:00","1999","08","15","09:00"," ","17.3","","15.0","","86","","26","","4","","","M","","M","","","","","NA"
"1999-08-15 10:00","1999","08","15","10:00"," ","19.1","","14.8","","76","","17","","9","","","M","","M","","","","","NA"
"1999-08-15 11:00","1999","08","15","11:00"," ","19.7","","15.2","","75","","15","","13","","","M","","M","","","","","NA"
"1999-08-15 12:00","1999","08","15","12:00"," ","19.9","","15.5","","76","","14","","13","","","M","","M","","","","","NA"
"1999-08-15 13:00","1999","08","15","13:00"," ","20.9","","16.0","","74","","15","","11","","","M","","M","26","","","","NA"
"1999-08-15 14:00","1999","08","15","14:00"," ","20.4","","14.5","","69","","18","","24","","","M","","M","","","","","NA"
"1999-08-15 15:00","1999","08","15","15:00"," ","21.2","","13.2","","60","","22","","30","","","M","","M","","","","","NA"
"1999-08-15 16:00","1999","08","15","16:00"," ","20.2","","11.0","","55","","25","","28","","","M","","M","","","","","NA"
"1999-08-15 17:00","1999","08","15","17:00"," ","18.4","","12.7","","69","","28","","17","","","M","","M","","","","","NA"
"1999-08-15 18:00","1999","08","15","18:00"," ","17.0","","13.9","","82","","27","","6","","","M","","M","","","","","NA"
"1999-08-15 19:00","1999","08","15","19:00"," ","15.8","","13.3","","85","","25","","7","","","M","","M","","","","","NA"
"1999-08-15 20:00","1999","08","15","20:00"," ","15.1","","13.4","","90","","25","","7","","","M","","M","","","","","NA"
"1999-08-15 21:00","1999","08","15","21:00"," ","14.8","","13.0","","89","","35","","2","","","M","","M","","","","","NA"
"1999-08-15 22:00","1999","08","15","22:00"
"1999-08-15 23:00","1999","08","15","23:00"
"1999-08-16 00:00","1999","08","16","00:00"
"1999-08-16 01:00","1999","08","16","01:00"," ","14.1","","13.3","","95","","25","","7","","","M","","M","","","","","NA"
"1999-08-16 02:00","1999","08","16","02:00"," ","14.2","","12.4","","89","","26","","6","","","M","","M","","","","","NA"
"1999-08-16 03:00","1999","08","16","03:00"," ","14.4","","12.3","","87","","30","","9","","","M","","M","","","","","NA"
"1999-08-16 04:00","1999","08","16","04:00"," ","14.1","","12.5","","90","","28","","9","","","M","","M","","","","","NA"
"1999-08-16 05:00","1999","08","16","05:00"," ","13.9","","12.2","","89","","28","","9","","","M","","M","","","","","NA"
"1999-08-16 06:00","1999","08","16","06:00"," ","13.1","","12.3","","95","","27","","15","","","M","","M","","","","","NA"
"1999-08-16 07:00","1999","08","16","07:00"," ","13.3","","12.3","","94","","32","","4","","","M","","M","","","","","NA"
"1999-08-16 08:00","1999","08","16","08:00"," ","13.8","","13.0","","95","","24","","6","","","M","","M","","","","","NA"
"1999-08-16 09:00","1999","08","16","09:00"," ","14.5","","12.9","","90","","29","","4","","","M","","M","","","","","NA"
"1999-08-16 10:00","1999","08","16","10:00"," ","15.4","","13.2","","87","","27","","7","","","M","","M","","","","","NA"
"1999-08-16 11:00","1999","08","16","11:00"," ","16.3","","14.2","","87","","28","","11","","","M","","M","","","","","NA"
"1999-08-16 12:00","1999","08","16","12:00"," ","17.1","","14.7","","86","","28","","11","","","M","","M","","","","","NA"
"1999-08-16 13:00","1999","08","16","13:00"," ","18.2","","14.6","","80","","34","","6","","","M","","M","","","","","NA"
"1999-08-16 14:00","1999","08","16","14:00"," ","20.3","","13.5","","65","","32","","4","","","M","","M","","","","","NA"
"1999-08-16 15:00","1999","08","16","15:00"," ","21.3","","12.7","","58","","31","","4","","","M","","M","","","","","NA"
"1999-08-16 16:00","1999","08","16","16:00"," ","21.2","","12.2","","56","","36","","2","","","M","","M","","","","","NA"
"1999-08-16 17:00","1999","08","16","17:00"," ","21.9","","12.8","","56","","2","","4","","","M","","M","25","","","","NA"
"1999-08-16 18:00","1999","08","16","18:00"," ","20.3","","14.8","","71","","8","","4","","","M","","M","","","","","NA"
"1999-08-16 19:00","1999","08","16","19:00"," ","15.2","","13.4","","89","","14","","9","","","M","","M","","","","","NA"
"1999-08-16 20:00","1999","08","16","20:00"," ","15.5","","14.3","","93","","16","","6","","","M","","M","","","","","NA"
"1999-08-16 21:00","1999","08","16","21:00"," ","14.0","","13.7","","98","","13","","2","","","M","","M","","","","","NA"
"1999-08-16 22:00","1999","08","16","22:00"," ","13.0","","12.7","","98","","21","","4","","","M","","M","","","","","NA"
"1999-08-16 23:00","1999","08","16","23:00"," ","12.5","","12.4","","99","","19","","6","","","M","","M","","","","","NA"
"1999-08-17 00:00","1999","08","17","00:00"," ","12.8","","12.8","","100","","16","","6","","","M","","M","","","","","NA"
"1999-08-17 01:00","1999","08","17","01:00"," ","13.8","","13.4","","97","","27","","7","","","M","","M","","","","","NA"
"1999-08-17 02:00","1999","08","17","02:00"," ","14.0","","13.5","","97","","26","","11","","","M","","M","","","","","NA"
"1999-08-17 03:00","1999","08","17","03:00"," ","13.8","","13.2","","96","","27","","15","","","M","","M","","","","","NA"
"1999-08-17 04:00","1999","08","17","04:00"," ","13.0","","12.7","","98","","28","","9","","","M","","M","","","","","NA"
"1999-08-17 05:00","1999","08","17","05:00"," ","12.4","","12.1","","98","","27","","17","","","M","","M","","","","","NA"
"1999-08-17 06:00","1999","08","17","06:00"," ","12.4","","12.4","","100","","27","","15","","","M","","M","","","","","NA"
"1999-08-17 07:00","1999","08","17","07:00"," ","12.5","","12.3","","99","","27","","13","","","M","","M","","","","","NA"
"1999-08-17 08:00","1999","08","17","08:00"," ","13.0","","12.6","","97","","28","","9","","","M","","M","","","","","NA"
"1999-08-17 09:00","1999","08","17","09:00"," ","14.3","","13.7","","96","","31","","13","","","M","","M","","","","","NA"
"1999-08-17 10:00","1999","08","17","10:00"," ","15.2","","13.6","","90","","31","","11","","","M","","M","","","","","NA"
"1999-08-17 11:00","1999","08","17","11:00"," ","16.1","","14.0","","87","","29","","13","","","M","","M","","","","","NA"
"1999-08-17 12:00","1999","08","17","12:00"," ","16.7","","13.7","","82","","32","","11","","","M","","M","","","","","NA"
"1999-08-17 13:00","1999","08","17","13:00"," ","17.1","","14.1","","83","","30","","7","","","M","","M","","","","","NA"
"1999-08-17 14:00","1999","08","17","14:00"," ","18.3","","13.6","","74","","32","","11","","","M","","M","","","","","NA"
"1999-08-17 15:00","1999","08","17","15:00"," ","19.5","","14.2","","71","","29","","9","","","M","","M","","","","","NA"
"1999-08-17 16:00","1999","08","17","16:00"," ","20.2","","14.1","","68","","34","","6","","","M","","M","","","","","NA"
"1999-08-17 17:00","1999","08","17","17:00"," ","21.2","","13.3","","61","","30","","9","","","M","","M","","","","","NA"
"1999-08-17 18:00","1999","08","17","18:00"," ","21.1","","13.5","","62","","31","","11","","","M","","M","","","","","NA"
"1999-08-17 19:00","1999","08","17","19:00"," ","21.0","","14.5","","66","","2","","4","","","M","","M","25","","","","NA"
"1999-08-17 20:00","1999","08","17","20:00"," ","19.0","","14.7","","76","","16","","2","","","M","","M","","","","","NA"
"1999-08-17 21:00","1999","08","17","21:00"," ","15.8","","13.3","","85","","14","","7","","","M","","M","","","","","NA"
"1999-08-17 22:00","1999","08","17","22:00"," ","13.5","","12.4","","93","","15","","11","","","M","","M","","","","","NA"
"1999-08-17 23:00","1999","08","17","23:00"," ","12.9","","12.2","","96","","17","","11","","","M","","M","","","","","NA"
"1999-08-18 00:00","1999","08","18","00:00"," ","11.7","","11.2","","97","","16","","9","","","M","","M","","","","","NA"
"1999-08-18 01:00","1999","08","18","01:00"," ","11.8","","11.5","","98","","17","","9","","","M","","M","","","","","NA"
"1999-08-18 02:00","1999","08","18","02:00"," ","11.4","","11.1","","98","","17","","9","","","M","","M","","","","","NA"
"1999-08-18 03:00","1999","08","18","03:00"," ","10.9","","10.6","","98","","18","","11","","","M","","M","","","","","NA"
"1999-08-18 04:00","1999","08","18","04:00"," ","10.6","","10.3","","98","","18","","11","","","M","","M","","","","","NA"
"1999-08-18 05:00","1999","08","18","05:00"," ","10.3","","10.1","","99","","16","","11","","","M","","M","","","","","NA"
"1999-08-18 06:00","1999","08","18","06:00"," ","9.5","","9.4","","99","","17","","4","","","M","","M","","","","","NA"
"1999-08-18 07:00","1999","08","18","07:00"," ","11.2","","11.0","","99","","17","","6","","","M","","M","","","","","NA"
"1999-08-18 08:00","1999","08","18","08:00"
"1999-08-18 09:00","1999","08","18","09:00"
"1999-08-18 10:00","1999","08","18","10:00"
"1999-08-18 11:00","1999","08","18","11:00"
"1999-08-18 12:00","1999","08","18","12:00"
"1999-08-18 13:00","1999","08","18","13:00"," ","25.2","","10.8","","40","","17","","9","","","M","","M","27","","","","NA"
"1999-08-18 14:00","1999","08","18","14:00"," ","25.6","","10.3","","38","","17","","17","","","M","","M","27","","","","NA"
"1999-08-18 15:00","1999","08","18","15:00"," ","26.1","","11.9","","41","","1","","6","","","M","","M","28","","","","NA"
"1999-08-18 16:00","1999","08","18","16:00"," ","26.3","","11.9","","41","","15","","15","","","M","","M","29","","","","NA"
"1999-08-18 17:00","1999","08","18","17:00"," ","25.7","","13.6","","47","","13","","17","","","M","","M","29","","","","NA"
"1999-08-18 18:00","1999","08","18","18:00"," ","25.2","","13.6","","49","","14","","15","","","M","","M","28","","","","NA"
"1999-08-18 19:00","1999","08","18","19:00"," ","24.1","","14.7","","56","","15","","13","","","M","","M","28","","","","NA"
"1999-08-18 20:00","1999","08","18","20:00"," ","21.0","","14.9","","68","","13","","11","","","M","","M","25","","","","NA"
"1999-08-18 21:00","1999","08","18","21:00"," ","17.0","","13.6","","80","","13","","11","","","M","","M","","","","","NA"
"1999-08-18 22:00","1999","08","18","22:00"," ","15.0","","12.6","","86","","15","","9","","","M","","M","","","","","NA"
"1999-08-18 23:00","1999","08","18","23:00"," ","15.6","","12.5","","82","","16","","11","","","M","","M","","","","","NA"
"1999-08-19 00:00","1999","08","19","00:00"," ","14.0","","12.6","","91","","16","","7","","","M","","M","","","","","NA"
"1999-08-19 01:00","1999","08","19","01:00"," ","13.9","","12.8","","93","","16","","11","","","M","","M","","","","","NA"
"1999-08-19 02:00","1999","08","19","02:00"," ","12.2","","11.4","","95","","14","","9","","","M","","M","","","","","NA"
"1999-08-19 03:00","1999","08","19","03:00"," ","12.6","","11.6","","94","","16","","11","","","M","","M","","","","","NA"
"1999-08-19 04:00","1999","08","19","04:00"," ","12.8","","11.8","","94","","16","","9","","","M","","M","","","","","NA"
"1999-08-19 05:00","1999","08","19","05:00"," ","11.7","","11.1","","96","","11","","6","","","M","","M","","","","","NA"
"1999-08-19 06:00","1999","08","19","06:00"," ","10.9","","10.5","","97","","10","","4","","","M","","M","","","","","NA"
"1999-08-19 07:00","1999","08","19","07:00"," ","13.3","","12.8","","97","","12","","4","","","M","","M","","","","","NA"
"1999-08-19 08:00","1999","08","19","08:00"," ","14.2","","13.6","","96","","14","","6","","","M","","M","","","","","NA"
"1999-08-19 09:00","1999","08","19","09:00"," ","16.3","","14.6","","90","","13","","6","","","M","","M","","","","","NA"
"1999-08-19 10:00","1999","08","19","10:00"," ","19.1","","15.5","","80","","13","","7","","","M","","M","","","","","NA"
"1999-08-19 11:00","1999","08","19","11:00"," ","22.5","","15.4","","64","","12","","11","","","M","","M","27","","","","NA"
"1999-08-19 12:00","1999","08","19","12:00"," ","25.5","","15.6","","54","","11","","13","","","M","","M","30","","","","NA"
"1999-08-19 13:00","1999","08","19","13:00"," ","27.4","","15.1","","47","","11","","11","","","M","","M","31","","","","NA"
"1999-08-19 14:00","1999","08","19","14:00"," ","27.7","","14.7","","45","","8","","9","","","M","","M","31","","","","NA"
"1999-08-19 15:00","1999","08","19","15:00"," ","28.7","","15.1","","44","","12","","13","","","M","","M","33","","","","NA"
"1999-08-19 16:00","1999","08","19","16:00"," ","27.5","","16.0","","50","","13","","9","","","M","","M","32","","","","NA"
"1999-08-19 17:00","1999","08","19","17:00"," ","26.4","","17.9","","60","","10","","7","","","M","","M","32","","","","NA"
"1999-08-19 18:00","1999","08","19","18:00"," ","24.4","","18.4","","69","","17","","11","","","M","","M","31","","","","NA"
"1999-08-19 19:00","1999","08","19","19:00"," ","23.0","","18.7","","77","","14","","13","","","M","","M","30","","","","NA"
"1999-08-19 20:00","1999","08","19","20:00"," ","22.5","","17.5","","73","","6","","15","","","M","","M","28","","","","NA"
"1999-08-19 21:00","1999","08","19","21:00"," ","20.9","","17.7","","82","","8","","11","","","M","","M","27","","","","NA"
"1999-08-19 22:00","1999","08","19","22:00"," ","21.0","","16.8","","77","","16","","4","","","M","","M","26","","","","NA"
"1999-08-19 23:00","1999","08","19","23:00"," ","20.1","","16.9","","82","","11","","7","","","M","","M","25","","","","NA"
"1999-08-20 00:00","1999","08","20","00:00"," ","19.9","","16.3","","80","","11","","7","","","M","","M","","","","","NA"
"1999-08-20 01:00","1999","08","20","01:00"," ","19.8","","16.1","","79","","18","","13","","","M","","M","","","","","NA"
"1999-08-20 02:00","1999","08","20","02:00"," ","18.4","","16.1","","86","","6","","7","","","M","","M","","","","","NA"
"1999-08-20 03:00","1999","08","20","03:00"," ","17.9","","16.1","","89","","6","","9","","","M","","M","","","","","NA"
"1999-08-20 04:00","1999","08","20","04:00"," ","17.7","","15.9","","89","","8","","7","","","M","","M","","","","","NA"
"1999-08-20 05:00","1999","08","20","05:00"," ","15.8","","15.0","","95","","36","","4","","","M","","M","","","","","NA"
"1999-08-20 06:00","1999","08","20","06:00"," ","14.1","","13.6","","97","","25","","4","","","M","","M","","","","","NA"
"1999-08-20 07:00","1999","08","20","07:00"," ","14.2","","13.8","","97","","12","","2","","","M","","M","","","","","NA"
"1999-08-20 08:00","1999","08","20","08:00"," ","17.9","","15.9","","88","","12","","2","","","M","","M","","","","","NA"
"1999-08-20 09:00","1999","08","20","09:00"," ","20.0","","16.8","","82","","18","","9","","","M","","M","25","","","","NA"
"1999-08-20 10:00","1999","08","20","10:00"," ","22.9","","15.9","","65","","16","","9","","","M","","M","27","","","","NA"
"1999-08-20 11:00","1999","08","20","11:00"," ","25.4","","17.0","","60","","15","","6","","","M","","M","31","","","","NA"
"1999-08-20 12:00","1999","08","20","12:00"," ","27.8","","14.3","","44","","1","","4","","","M","","M","31","","","","NA"
"1999-08-20 13:00","1999","08","20","13:00"," ","28.9","","15.0","","43","","36","","6","","","M","","M","33","","","","NA"
"1999-08-20 14:00","1999","08","20","14:00"," ","28.9","","14.9","","43","","36","","9","","","M","","M","33","","","","NA"
"1999-08-20 15:00","1999","08","20","15:00"," ","29.8","","13.9","","38","","5","","7","","","M","","M","33","","","","NA"
"1999-08-20 16:00","1999","08","20","16:00"," ","30.2","","12.6","","34","","1","","6","","","M","","M","33","","","","NA"
"1999-08-20 17:00","1999","08","20","17:00"," ","31.1","","12.1","","31","","31","","2","","","M","","M","33","","","","NA"
"1999-08-20 18:00","1999","08","20","18:00"," ","30.6","","13.5","","35","","4","","4","","","M","","M","34","","","","NA"
"1999-08-20 19:00","1999","08","20","19:00"," ","29.1","","17.3","","49","","8","","4","","","M","","M","35","","","","NA"
"1999-08-20 20:00","1999","08","20","20:00"," ","24.6","","15.8","","58","","14","","9","","","M","","M","29","","","","NA"
"1999-08-20 21:00","1999","08","20","21:00"," ","21.3","","14.4","","65","","14","","9","","","M","","M","25","","","","NA"
"1999-08-20 22:00","1999","08","20","22:00"," ","18.6","","14.9","","79","","14","","13","","","M","","M","","","","","NA"
"1999-08-20 23:00","1999","08","20","23:00"," ","17.6","","14.4","","82","","15","","11","","","M","","M","","","","","NA"
"1999-08-21 00:00","1999","08","21","00:00"," ","16.7","","14.8","","89","","16","","11","","","M","","M","","","","","NA"
"1999-08-21 01:00","1999","08","21","01:00"," ","16.5","","14.9","","90","","16","","9","","","M","","M","","","","","NA"
"1999-08-21 02:00","1999","08","21","02:00"," ","15.7","","14.4","","92","","15","","9","","","M","","M","","","","","NA"
"1999-08-21 03:00","1999","08","21","03:00"," ","15.8","","14.9","","94","","20","","7","","","M","","M","","","","","NA"
"1999-08-21 04:00","1999","08","21","04:00"," ","15.4","","14.6","","95","","","","0","","","M","","M","","","","","NA"
"1999-08-21 05:00","1999","08","21","05:00"," ","14.2","","13.7","","97","","20","","6","","","M","","M","","","","","NA"
"1999-08-21 06:00","1999","08","21","06:00"," ","13.5","","13.2","","98","","18","","2","","","M","","M","","","","","NA"
"1999-08-21 07:00","1999","08","21","07:00"," ","14.3","","13.8","","97","","22","","4","","","M","","M","","","","","NA"
"1999-08-21 08:00","1999","08","21","08:00"," ","18.8","","15.0","","79","","","","0","","","M","","M","","","","","NA"
"1999-08-21 09:00","1999","08","21","09:00"," ","20.8","","16.3","","75","","27","","6","","","M","","M","26","","","","NA"
"1999-08-21 10:00","1999","08","21","10:00"," ","23.8","","16.9","","65","","26","","7","","","M","","M","29","","","","NA"
"1999-08-21 11:00","1999","08","21","11:00"," ","26.4","","16.3","","54","","23","","7","","","M","","M","31","","","","NA"
"1999-08-21 12:00","1999","08","21","12:00"," ","28.2","","15.9","","47","","20","","2","","","M","","M","33","","","","NA"
"1999-08-21 13:00","1999","08","21","13:00"," ","29.4","","14.1","","39","","19","","2","","","M","","M","33","","","","NA"
"1999-08-21 14:00","1999","08","21","14:00"," ","31.0","","11.4","","30","","2","","2","","","M","","M","33","","","","NA"
"1999-08-21 15:00","1999","08","21","15:00"," ","31.4","","13.4","","33","","26","","11","","","M","","M","34","","","","NA"
"1999-08-21 16:00","1999","08","21","16:00"," ","32.0","","13.5","","33","","17","","2","","","M","","M","35","","","","NA"
"1999-08-21 17:00","1999","08","21","17:00"," ","32.0","","12.7","","31","","24","","9","","","M","","M","35","","","","NA"
"1999-08-21 18:00","1999","08","21","18:00"," ","31.7","","12.9","","32","","18","","7","","","M","","M","34","","","","NA"
"1999-08-21 19:00","1999","08","21","19:00"," ","28.2","","16.6","","49","","7","","11","","","M","","M","33","","","","NA"
"1999-08-21 20:00","1999","08","21","20:00"," ","25.2","","17.1","","61","","7","","7","","","M","","M","31","","","","NA"
"1999-08-21 21:00","1999","08","21","21:00"," ","22.5","","14.4","","60","","15","","9","","","M","","M","26","","","","NA"
"1999-08-21 22:00","1999","08","21","22:00"," ","20.5","","14.7","","69","","15","","15","","","M","","M","","","","","NA"
"1999-08-21 23:00","1999","08","21","23:00"," ","19.9","","15.0","","73","","5","","6","","","M","","M","","","","","NA"
"1999-08-22 00:00","1999","08","22","00:00"," ","19.2","","14.8","","76","","28","","15","","","M","","M","","","","","NA"
"1999-08-22 01:00","1999","08","22","01:00"," ","17.6","","14.0","","79","","26","","22","","","M","","M","","","","","NA"
"1999-08-22 02:00","1999","08","22","02:00"," ","16.4","","13.2","","81","","28","","17","","","M","","M","","","","","NA"
"1999-08-22 03:00","1999","08","22","03:00"," ","15.2","","13.1","","87","","27","","11","","","M","","M","","","","","NA"
"1999-08-22 04:00","1999","08","22","04:00"," ","14.9","","13.3","","90","","28","","15","","","M","","M","","","","","NA"
"1999-08-22 05:00","1999","08","22","05:00"," ","14.8","","12.4","","86","","29","","26","","","M","","M","","","","","NA"
"1999-08-22 06:00","1999","08","22","06:00"," ","13.9","","11.4","","85","","29","","20","","","M","","M","","","","","NA"
"1999-08-22 07:00","1999","08","22","07:00"," ","13.9","","11.3","","84","","28","","19","","","M","","M","","","","","NA"
"1999-08-22 08:00","1999","08","22","08:00"," ","13.9","","11.0","","83","","27","","19","","","M","","M","","","","","NA"
"1999-08-22 09:00","1999","08","22","09:00"," ","15.1","","10.2","","73","","28","","33","","","M","","M","","","","","NA"
"1999-08-22 10:00","1999","08","22","10:00"," ","16.8","","9.8","","63","","29","","28","","","M","","M","","","","","NA"
"1999-08-22 11:00","1999","08","22","11:00"," ","17.4","","9.2","","59","","28","","24","","","M","","M","","","","","NA"
"1999-08-22 12:00","1999","08","22","12:00"," ","16.0","","10.5","","70","","29","","17","","","M","","M","","","","","NA"
"1999-08-22 13:00","1999","08","22","13:00"," ","15.6","","8.8","","64","","30","","33","","","M","","M","","","","","NA"
"1999-08-22 14:00","1999","08","22","14:00"," ","13.6","","10.5","","82","","29","","17","","","M","","M","","","","","NA"
"1999-08-22 15:00","1999","08","22","15:00"," ","15.9","","10.7","","71","","30","","24","","","M","","M","","","","","NA"
"1999-08-22 16:00","1999","08","22","16:00"," ","18.5","","10.2","","58","","31","","30","","","M","","M","","","","","NA"
"1999-08-22 17:00","1999","08","22","17:00"," ","21.1","","12.0","","56","","32","","15","","","M","","M","","","","","NA"
"1999-08-22 18:00","1999","08","22","18:00"," ","21.9","","11.0","","50","","33","","13","","","M","","M","","","","","NA"
"1999-08-22 19:00","1999","08","22","19:00"," ","21.5","","11.4","","53","","33","","15","","","M","","M","","","","","NA"
"1999-08-22 20:00","1999","08","22","20:00"," ","18.7","","13.0","","69","","36","","7","","","M","","M","","","","","NA"
"1999-08-22 21:00","1999","08","22","21:00"," ","17.4","","12.6","","73","","32","","6","","","M","","M","","","","","NA"
"1999-08-22 22:00","1999","08","22","22:00"," ","14.3","","11.9","","85","","25","","7","","","M","","M","","","","","NA"
"1999-08-22 23:00","1999","08","22","23:00"," ","14.1","","11.8","","86","","30","","11","","","M","","M","","","","","NA"
"1999-08-23 00:00","1999","08","23","00:00"," ","14.2","","11.0","","81","","27","","7","","","M","","M","","","","","NA"
"1999-08-23 01:00","1999","08","23","01:00"," ","13.6","","10.4","","81","","29","","13","","","M","","M","","","","","NA"
"1999-08-23 02:00","1999","08","23","02:00"," ","12.8","","9.9","","83","","28","","13","","","M","","M","","","","","NA"
"1999-08-23 03:00","1999","08","23","03:00"," ","12.2","","9.6","","84","","29","","13","","","M","","M","","","","","NA"
"1999-08-23 04:00","1999","08","23","04:00"," ","11.7","","9.2","","85","","30","","11","","","M","","M","","","","","NA"
"1999-08-23 05:00","1999","08","23","05:00"," ","10.9","","8.9","","87","","28","","13","","","M","","M","","","","","NA"
"1999-08-23 06:00","1999","08","23","06:00"," ","10.4","","8.4","","87","","25","","11","","","M","","M","","","","","NA"
"1999-08-23 07:00","1999","08","23","07:00"," ","11.7","","8.8","","82","","27","","13","","","M","","M","","","","","NA"
"1999-08-23 08:00","1999","08","23","08:00"," ","14.0","","9.8","","76","","26","","6","","","M","","M","","","","","NA"
"1999-08-23 09:00","1999","08","23","09:00"," ","17.0","","10.4","","65","","28","","6","","","M","","M","","","","","NA"
"1999-08-23 10:00","1999","08","23","10:00"," ","19.6","","10.2","","55","","27","","7","","","M","","M","","","","","NA"
"1999-08-23 11:00","1999","08","23","11:00"," ","21.9","","11.5","","52","","28","","6","","","M","","M","","","","","NA"
"1999-08-23 12:00","1999","08","23","12:00"," ","23.4","","10.2","","43","","29","","13","","","M","","M","25","","","","NA"
"1999-08-23 13:00","1999","08","23","13:00"," ","24.2","","8.2","","36","","26","","11","","","M","","M","25","","","","NA"
"1999-08-23 14:00","1999","08","23","14:00"," ","25.6","","8.3","","33","","13","","4","","","M","","M","26","","","","NA"
"1999-08-23 15:00","1999","08","23","15:00"," ","26.6","","8.3","","31","","28","","6","","","M","","M","27","","","","NA"
"1999-08-23 16:00","1999","08","23","16:00"," ","27.0","","10.9","","37","","16","","7","","","M","","M","29","","","","NA"
"1999-08-23 17:00","1999","08","23","17:00"," ","26.4","","9.2","","34","","19","","9","","","M","","M","27","","","","NA"
"1999-08-23 18:00","1999","08","23","18:00"," ","25.4","","9.4","","36","","18","","13","","","M","","M","26","","","","NA"
"1999-08-23 19:00","1999","08","23","19:00"," ","23.5","","11.8","","48","","15","","11","","","M","","M","26","","","","NA"
"1999-08-23 20:00","1999","08","23","20:00"," ","20.0","","11.6","","58","","13","","11","","","M","","M","","","","","NA"
"1999-08-23 21:00","1999","08","23","21:00"," ","16.2","","11.2","","72","","15","","13","","","M","","M","","","","","NA"
"1999-08-23 22:00","1999","08","23","22:00"," ","14.7","","10.5","","76","","16","","11","","","M","","M","","","","","NA"
"1999-08-23 23:00","1999","08","23","23:00"," ","14.6","","11.4","","81","","16","","11","","","M","","M","","","","","NA"
"1999-08-24 00:00","1999","08","24","00:00"," ","16.7","","11.8","","73","","17","","22","","","M","","M","","","","","NA"
"1999-08-24 01:00","1999","08","24","01:00"," ","16.2","","11.7","","75","","16","","19","","","M","","M","","","","","NA"
"1999-08-24 02:00","1999","08","24","02:00"," ","14.8","","11.5","","81","","14","","13","","","M","","M","","","","","NA"
"1999-08-24 03:00","1999","08","24","03:00"," ","15.2","","10.7","","74","","16","","19","","","M","","M","","","","","NA"
"1999-08-24 04:00","1999","08","24","04:00"," ","14.8","","10.2","","74","","16","","19","","","M","","M","","","","","NA"
"1999-08-24 05:00","1999","08","24","05:00"," ","13.6","","11.2","","85","","15","","13","","","M","","M","","","","","NA"
"1999-08-24 06:00","1999","08","24","06:00"," ","12.3","","10.5","","89","","15","","15","","","M","","M","","","","","NA"
"1999-08-24 07:00","1999","08","24","07:00"," ","13.8","","11.2","","84","","16","","17","","","M","","M","","","","","NA"
"1999-08-24 08:00","1999","08","24","08:00"," ","16.9","","11.8","","72","","17","","19","","","M","","M","","","","","NA"
"1999-08-24 09:00","1999","08","24","09:00"," ","18.8","","11.4","","62","","17","","19","","","M","","M","","","","","NA"
"1999-08-24 10:00","1999","08","24","10:00"," ","21.7","","12.4","","55","","17","","19","","","M","","M","","","","","NA"
"1999-08-24 11:00","1999","08","24","11:00"," ","25.6","","11.6","","42","","17","","15","","","M","","M","28","","","","NA"
"1999-08-24 12:00","1999","08","24","12:00"," ","27.2","","11.5","","38","","16","","20","","","M","","M","29","","","","NA"
"1999-08-24 13:00","1999","08","24","13:00"," ","29.3","","12.8","","36","","18","","17","","","M","","M","32","","","","NA"
"1999-08-24 14:00","1999","08","24","14:00"," ","30.4","","13.0","","34","","15","","17","","","M","","M","33","","","","NA"
"1999-08-24 15:00","1999","08","24","15:00"," ","31.5","","12.7","","32","","18","","19","","","M","","M","34","","","","NA"
"1999-08-24 16:00","1999","08","24","16:00"," ","31.6","","11.8","","30","","16","","24","","","M","","M","34","","","","NA"
"1999-08-24 17:00","1999","08","24","17:00"," ","31.9","","12.6","","31","","16","","15","","","M","","M","34","","","","NA"
"1999-08-24 18:00","1999","08","24","18:00"," ","31.1","","12.3","","32","","16","","15","","","M","","M","34","","","","NA"
"1999-08-24 19:00","1999","08","24","19:00"," ","28.6","","13.5","","40","","19","","13","","","M","","M","32","","","","NA"
"1999-08-24 20:00","1999","08","24","20:00"," ","26.0","","14.2","","48","","27","","7","","","M","","M","29","","","","NA"
"1999-08-24 21:00","1999","08","24","21:00"," ","23.7","","13.9","","54","","18","","4","","","M","","M","27","","","","NA"
"1999-08-24 22:00","1999","08","24","22:00"," ","20.4","","13.8","","66","","14","","4","","","M","","M","","","","","NA"
"1999-08-24 23:00","1999","08","24","23:00"," ","18.0","","13.3","","74","","16","","9","","","M","","M","","","","","NA"
"1999-08-25 00:00","1999","08","25","00:00"," ","15.9","","12.7","","81","","17","","9","","","M","","M","","","","","NA"
"1999-08-25 01:00","1999","08","25","01:00"," ","15.2","","13.1","","87","","17","","9","","","M","","M","","","","","NA"
"1999-08-25 02:00","1999","08","25","02:00"," ","14.5","","12.7","","89","","18","","11","","","M","","M","","","","","NA"
"1999-08-25 03:00","1999","08","25","03:00"," ","15.8","","12.9","","83","","17","","15","","","M","","M","","","","","NA"
"1999-08-25 04:00","1999","08","25","04:00"," ","15.2","","12.5","","84","","17","","9","","","M","","M","","","","","NA"
"1999-08-25 05:00","1999","08","25","05:00"," ","18.4","","10.1","","58","","22","","11","","","M","","M","","","","","NA"
"1999-08-25 06:00","1999","08","25","06:00"," ","20.0","","9.8","","52","","19","","11","","","M","","M","","","","","NA"
"1999-08-25 07:00","1999","08","25","07:00"," ","18.2","","10.4","","60","","19","","15","","","M","","M","","","","","NA"
"1999-08-25 08:00","1999","08","25","08:00"," ","20.3","","11.2","","56","","19","","11","","","M","","M","","","","","NA"
"1999-08-25 09:00","1999","08","25","09:00"," ","25.2","","10.4","","39","","23","","22","","","M","","M","27","","","","NA"
"1999-08-25 10:00","1999","08","25","10:00"," ","27.7","","10.8","","35","","24","","28","","","M","","M","29","","","","NA"
"1999-08-25 11:00","1999","08","25","11:00"," ","29.1","","10.4","","31","","24","","43","","","M","","M","31","","","","NA"
"1999-08-25 12:00","1999","08","25","12:00"," ","30.8","","10.1","","28","","25","","39","","","M","","M","32","","","","NA"
"1999-08-25 13:00","1999","08","25","13:00"," ","31.7","","10.2","","27","","23","","28","","","M","","M","33","","","","NA"
"1999-08-25 14:00","1999","08","25","14:00"," ","32.0","","7.6","","22","","23","","39","","","M","","M","32","","","","NA"
"1999-08-25 15:00","1999","08","25","15:00"," ","32.0","","8.6","","23","","25","","39","","","M","","M","33","","","","NA"
"1999-08-25 16:00","1999","08","25","16:00"," ","32.2","","9.2","","24","","26","","33","","","M","","M","33","","","","NA"
"1999-08-25 17:00","1999","08","25","17:00"," ","31.5","","9.8","","26","","26","","33","","","M","","M","33","","","","NA"
"1999-08-25 18:00","1999","08","25","18:00"," ","30.1","","10.5","","30","","25","","22","","","M","","M","32","","","","NA"
"1999-08-25 19:00","1999","08","25","19:00"," ","27.6","","12.3","","39","","33","","24","","","M","","M","30","","","","NA"
"1999-08-25 20:00","1999","08","25","20:00"," ","23.2","","12.2","","50","","33","","17","","","M","","M","26","","","","NA"
"1999-08-25 21:00","1999","08","25","21:00"," ","20.0","","11.9","","60","","31","","6","","","M","","M","","","","","NA"
"1999-08-25 22:00","1999","08","25","22:00"," ","18.5","","12.5","","68","","34","","7","","","M","","M","","","","","NA"
"1999-08-25 23:00","1999","08","25","23:00"," ","16.7","","12.6","","77","","21","","6","","","M","","M","","","","","NA"
"1999-08-26 00:00","1999","08","26","00:00"," ","16.0","","11.3","","74","","29","","6","","","M","","M","","","","","NA"
"1999-08-26 01:00","1999","08","26","01:00"," ","15.1","","10.9","","76","","27","","13","","","M","","M","","","","","NA"
"1999-08-26 02:00","1999","08","26","02:00"," ","16.1","","10.6","","70","","33","","11","","","M","","M","","","","","NA"
"1999-08-26 03:00","1999","08","26","03:00"," ","14.7","","10.3","","75","","31","","13","","","M","","M","","","","","NA"
"1999-08-26 04:00","1999","08","26","04:00"," ","13.0","","9.9","","81","","26","","4","","","M","","M","","","","","NA"
"1999-08-26 05:00","1999","08","26","05:00"," ","12.8","","9.4","","80","","28","","9","","","M","","M","","","","","NA"
"1999-08-26 06:00","1999","08","26","06:00"," ","12.0","","9.4","","84","","31","","7","","","M","","M","","","","","NA"
"1999-08-26 07:00","1999","08","26","07:00"," ","12.1","","9.2","","82","","30","","7","","","M","","M","","","","","NA"
"1999-08-26 08:00","1999","08","26","08:00"," ","14.5","","9.3","","71","","31","","6","","","M","","M","","","","","NA"
"1999-08-26 09:00","1999","08","26","09:00"," ","17.3","","5.6","","46","","33","","11","","","M","","M","","","","","NA"
"1999-08-26 10:00","1999","08","26","10:00"," ","18.6","","4.5","","39","","32","","13","","","M","","M","","","","","NA"
"1999-08-26 11:00","1999","08","26","11:00"," ","20.0","","1.2","","29","","33","","13","","","M","","M","","","","","NA"
"1999-08-26 12:00","1999","08","26","12:00"," ","21.4","","1.7","","27","","32","","9","","","M","","M","","","","","NA"
"1999-08-26 13:00","1999","08","26","13:00"," ","22.4","","3.1","","28","","27","","13","","","M","","M","","","","","NA"
"1999-08-26 14:00","1999","08","26","14:00"," ","23.1","","4.1","","29","","28","","17","","","M","","M","","","","","NA"
"1999-08-26 15:00","1999","08","26","15:00"," ","24.1","","4.3","","28","","28","","17","","","M","","M","","","","","NA"
"1999-08-26 16:00","1999","08","26","16:00"," ","24.4","","5.2","","29","","25","","19","","","M","","M","","","","","NA"
"1999-08-26 17:00","1999","08","26","17:00"," ","24.5","","5.6","","30","","30","","15","","","M","","M","","","","","NA"
"1999-08-26 18:00","1999","08","26","18:00"," ","24.0","","6.4","","32","","30","","11","","","M","","M","","","","","NA"
"1999-08-26 19:00","1999","08","26","19:00"," ","23.0","","6.1","","34","","33","","7","","","M","","M","","","","","NA"
"1999-08-26 20:00","1999","08","26","20:00"," ","20.7","","6.4","","39","","33","","9","","","M","","M","","","","","NA"
"1999-08-26 21:00","1999","08","26","21:00"," ","18.9","","5.9","","43","","31","","4","","","M","","M","","","","","NA"
"1999-08-26 22:00","1999","08","26","22:00"," ","17.1","","6.2","","49","","31","","6","","","M","","M","","","","","NA"
"1999-08-26 23:00","1999","08","26","23:00"," ","13.5","","7.1","","65","","28","","4","","","M","","M","","","","","NA"
"1999-08-27 00:00","1999","08","27","00:00"," ","11.0","","6.3","","73","","27","","4","","","M","","M","","","","","NA"
"1999-08-27 01:00","1999","08","27","01:00"," ","10.5","","6.4","","76","","21","","7","","","M","","M","","","","","NA"
"1999-08-27 02:00","1999","08","27","02:00"," ","9.2","","6.9","","86","","16","","4","","","M","","M","","","","","NA"
"1999-08-27 03:00","1999","08","27","03:00"," ","8.8","","6.6","","86","","16","","9","","","M","","M","","","","","NA"
"1999-08-27 04:00","1999","08","27","04:00"," ","8.7","","6.2","","84","","21","","6","","","M","","M","","","","","NA"
"1999-08-27 05:00","1999","08","27","05:00"," ","9.2","","6.8","","85","","35","","4","","","M","","M","","","","","NA"
"1999-08-27 06:00","1999","08","27","06:00"," ","7.3","","6.5","","95","","17","","7","","","M","","M","","","","","NA"
"1999-08-27 07:00","1999","08","27","07:00"," ","8.7","","7.3","","91","","17","","6","","","M","","M","","","","","NA"
"1999-08-27 08:00","1999","08","27","08:00"," ","13.0","","9.1","","77","","11","","2","","","M","","M","","","","","NA"
"1999-08-27 09:00","1999","08","27","09:00"," ","17.3","","8.0","","54","","6","","7","","","M","","M","","","","","NA"
"1999-08-27 10:00","1999","08","27","10:00"," ","20.2","","7.0","","42","","5","","15","","","M","","M","","","","","NA"
"1999-08-27 11:00","1999","08","27","11:00"," ","22.3","","6.2","","35","","4","","13","","","M","","M","","","","","NA"
"1999-08-27 12:00","1999","08","27","12:00"," ","23.7","","6.8","","34","","5","","11","","","M","","M","","","","","NA"
"1999-08-27 13:00","1999","08","27","13:00"," ","24.8","","6.2","","30","","8","","13","","","M","","M","25","","","","NA"
"1999-08-27 14:00","1999","08","27","14:00"," ","25.5","","7.2","","31","","8","","6","","","M","","M","26","","","","NA"
"1999-08-27 15:00","1999","08","27","15:00"," ","26.5","","6.5","","28","","6","","11","","","M","","M","26","","","","NA"
"1999-08-27 16:00","1999","08","27","16:00"," ","27.0","","6.6","","27","","8","","13","","","M","","M","27","","","","NA"
"1999-08-27 17:00","1999","08","27","17:00"," ","26.7","","7.2","","29","","7","","17","","","M","","M","27","","","","NA"
"1999-08-27 18:00","1999","08","27","18:00"," ","25.6","","7.7","","32","","4","","19","","","M","","M","26","","","","NA"
"1999-08-27 19:00","1999","08","27","19:00"," ","23.4","","7.0","","35","","4","","19","","","M","","M","","","","","NA"
"1999-08-27 20:00","1999","08","27","20:00"," ","20.3","","7.9","","45","","4","","15","","","M","","M","","","","","NA"
"1999-08-27 21:00","1999","08","27","21:00"," ","17.1","","8.7","","58","","4","","13","","","M","","M","","","","","NA"
"1999-08-27 22:00","1999","08","27","22:00"," ","15.5","","8.7","","64","","7","","13","","","M","","M","","","","","NA"
"1999-08-27 23:00","1999","08","27","23:00"," ","13.6","","8.7","","72","","6","","9","","","M","","M","","","","","NA"
"1999-08-28 00:00","1999","08","28","00:00"," ","12.8","","8.4","","75","","6","","9","","","M","","M","","","","","NA"
"1999-08-28 01:00","1999","08","28","01:00"," ","11.5","","8.3","","81","","5","","9","","","M","","M","","","","","NA"
"1999-08-28 02:00","1999","08","28","02:00"," ","10.8","","7.8","","82","","5","","9","","","M","","M","","","","","NA"
"1999-08-28 03:00","1999","08","28","03:00"," ","10.6","","7.4","","81","","2","","6","","","M","","M","","","","","NA"
"1999-08-28 04:00","1999","08","28","04:00"," ","9.9","","7.0","","82","","2","","2","","","M","","M","","","","","NA"
"1999-08-28 05:00","1999","08","28","05:00"," ","9.3","","6.3","","81","","3","","2","","","M","","M","","","","","NA"
"1999-08-28 06:00","1999","08","28","06:00"," ","8.8","","6.3","","84","","2","","4","","","M","","M","","","","","NA"
"1999-08-28 07:00","1999","08","28","07:00"," ","9.4","","6.3","","81","","2","","4","","","M","","M","","","","","NA"
"1999-08-28 08:00","1999","08","28","08:00"," ","13.0","","7.6","","70","","11","","4","","","M","","M","","","","","NA"
"1999-08-28 09:00","1999","08","28","09:00"," ","16.8","","7.6","","55","","14","","15","","","M","","M","","","","","NA"
"1999-08-28 10:00","1999","08","28","10:00"," ","19.0","","6.8","","45","","12","","19","","","M","","M","","","","","NA"
"1999-08-28 11:00","1999","08","28","11:00"," ","20.7","","6.5","","40","","13","","24","","","M","","M","","","","","NA"
"1999-08-28 12:00","1999","08","28","12:00"," ","22.1","","6.9","","37","","13","","24","","","M","","M","","","","","NA"
"1999-08-28 13:00","1999","08","28","13:00"," ","23.1","","7.4","","36","","15","","22","","","M","","M","","","","","NA"
"1999-08-28 14:00","1999","08","28","14:00"," ","24.1","","7.0","","33","","13","","24","","","M","","M","","","","","NA"
"1999-08-28 15:00","1999","08","28","15:00"," ","24.9","","7.2","","32","","12","","17","","","M","","M","25","","","","NA"
"1999-08-28 16:00","1999","08","28","16:00"," ","25.0","","8.3","","35","","12","","20","","","M","","M","26","","","","NA"
"1999-08-28 17:00","1999","08","28","17:00"," ","24.9","","8.0","","34","","12","","22","","","M","","M","25","","","","NA"
"1999-08-28 18:00","1999","08","28","18:00"," ","24.3","","8.2","","36","","14","","20","","","M","","M","25","","","","NA"
"1999-08-28 19:00","1999","08","28","19:00"," ","22.4","","8.5","","41","","12","","15","","","M","","M","","","","","NA"
"1999-08-28 20:00","1999","08","28","20:00"," ","19.8","","8.7","","49","","10","","13","","","M","","M","","","","","NA"
"1999-08-28 21:00","1999","08","28","21:00"," ","18.2","","8.2","","52","","11","","17","","","M","","M","","","","","NA"
"1999-08-28 22:00","1999","08","28","22:00"," ","17.6","","8.4","","55","","13","","19","","","M","","M","","","","","NA"
"1999-08-28 23:00","1999","08","28","23:00"," ","16.4","","8.6","","60","","14","","17","","","M","","M","","","","","NA"
"1999-08-29 00:00","1999","08","29","00:00"," ","15.0","","8.7","","66","","15","","15","","","M","","M","","","","","NA"
"1999-08-29 01:00","1999","08","29","01:00"," ","14.7","","8.9","","68","","14","","17","","","M","","M","","","","","NA"
"1999-08-29 02:00","1999","08","29","02:00"," ","14.6","","8.8","","68","","14","","20","","","M","","M","","","","","NA"
"1999-08-29 03:00","1999","08","29","03:00"," ","14.2","","8.9","","70","","15","","19","","","M","","M","","","","","NA"
"1999-08-29 04:00","1999","08","29","04:00"," ","14.1","","8.8","","70","","14","","20","","","M","","M","","","","","NA"
"1999-08-29 05:00","1999","08","29","05:00"," ","13.7","","8.6","","71","","14","","19","","","M","","M","","","","","NA"
"1999-08-29 06:00","1999","08","29","06:00"," ","13.7","","8.2","","69","","14","","24","","","M","","M","","","","","NA"
"1999-08-29 07:00","1999","08","29","07:00"," ","13.3","","7.7","","69","","14","","30","","","M","","M","","","","","NA"
"1999-08-29 08:00","1999","08","29","08:00"," ","14.5","","8.4","","67","","14","","24","","","M","","M","","","","","NA"
"1999-08-29 09:00","1999","08","29","09:00"," ","16.0","","8.9","","63","","15","","28","","","M","","M","","","","","NA"
"1999-08-29 10:00","1999","08","29","10:00"," ","16.1","","9.9","","67","","15","","26","","","M","","M","","","","","NA"
"1999-08-29 11:00","1999","08","29","11:00"," ","15.0","","11.3","","79","","14","","28","","","M","","M","","","","","NA"
"1999-08-29 12:00","1999","08","29","12:00"," ","14.9","","10.8","","76","","15","","20","","","M","","M","","","","","NA"
"1999-08-29 13:00","1999","08","29","13:00"," ","16.6","","10.7","","68","","15","","24","","","M","","M","","","","","NA"
"1999-08-29 14:00","1999","08","29","14:00"," ","18.8","","11.2","","61","","15","","26","","","M","","M","","","","","NA"
"1999-08-29 15:00","1999","08","29","15:00"," ","18.2","","11.5","","65","","14","","28","","","M","","M","","","","","NA"
"1999-08-29 16:00","1999","08","29","16:00"," ","21.1","","12.5","","58","","16","","32","","","M","","M","","","","","NA"
"1999-08-29 17:00","1999","08","29","17:00"," ","20.1","","12.4","","61","","15","","32","","","M","","M","","","","","NA"
"1999-08-29 18:00","1999","08","29","18:00"," ","20.3","","13.1","","63","","15","","26","","","M","","M","","","","","NA"
"1999-08-29 19:00","1999","08","29","19:00"," ","18.9","","13.1","","69","","15","","30","","","M","","M","","","","","NA"
"1999-08-29 20:00","1999","08","29","20:00"," ","18.1","","13.3","","74","","15","","32","","","M","","M","","","","","NA"
"1999-08-29 21:00","1999","08","29","21:00"," ","17.4","","13.5","","78","","14","","28","","","M","","M","","","","","NA"
"1999-08-29 22:00","1999","08","29","22:00"," ","16.9","","13.9","","82","","15","","26","","","M","","M","","","","","NA"
"1999-08-29 23:00","1999","08","29","23:00"," ","16.1","","13.8","","86","","15","","24","","","M","","M","","","","","NA"
"1999-08-30 00:00","1999","08","30","00:00"," ","16.2","","14.2","","88","","16","","17","","","M","","M","","","","","NA"
"1999-08-30 01:00","1999","08","30","01:00"," ","16.2","","14.3","","89","","16","","20","","","M","","M","","","","","NA"
"1999-08-30 02:00","1999","08","30","02:00"," ","16.3","","14.3","","88","","16","","20","","","M","","M","","","","","NA"
"1999-08-30 03:00","1999","08","30","03:00"," ","16.1","","14.3","","89","","16","","24","","","M","","M","","","","","NA"
"1999-08-30 04:00","1999","08","30","04:00"," ","16.2","","14.5","","90","","16","","26","","","M","","M","","","","","NA"
"1999-08-30 05:00","1999","08","30","05:00"," ","16.6","","15.1","","91","","16","","19","","","M","","M","","","","","NA"
"1999-08-30 06:00","1999","08","30","06:00"," ","16.3","","15.4","","94","","16","","19","","","M","","M","","","","","NA"
"1999-08-30 07:00","1999","08","30","07:00"," ","16.2","","15.6","","96","","17","","20","","","M","","M","","","","","NA"
"1999-08-30 08:00","1999","08","30","08:00"," ","17.3","","16.0","","92","","18","","20","","","M","","M","","","","","NA"
"1999-08-30 09:00","1999","08","30","09:00"," ","20.1","","16.8","","81","","17","","15","","","M","","M","25","","","","NA"
"1999-08-30 10:00","1999","08","30","10:00"," ","23.9","","16.4","","63","","21","","9","","","M","","M","29","","","","NA"
"1999-08-30 11:00","1999","08","30","11:00"," ","26.8","","15.1","","49","","23","","11","","","M","","M","31","","","","NA"
"1999-08-30 12:00","1999","08","30","12:00"," ","28.9","","15.0","","43","","22","","11","","","M","","M","33","","","","NA"
"1999-08-30 13:00","1999","08","30","13:00"," ","30.5","","13.9","","36","","17","","7","","","M","","M","34","","","","NA"
"1999-08-30 14:00","1999","08","30","14:00"," ","32.3","","11.9","","29","","16","","13","","","M","","M","35","","","","NA"
"1999-08-30 15:00","1999","08","30","15:00"," ","32.3","","11.3","","28","","14","","19","","","M","","M","34","","","","NA"
"1999-08-30 16:00","1999","08","30","16:00"," ","32.9","","12.9","","30","","15","","13","","","M","","M","36","","","","NA"
"1999-08-30 17:00","1999","08","30","17:00"," ","32.7","","14.2","","33","","14","","22","","","M","","M","36","","","","NA"
"1999-08-30 18:00","1999","08","30","18:00"," ","31.8","","15.5","","37","","14","","19","","","M","","M","36","","","","NA"
"1999-08-30 19:00","1999","08","30","19:00"," ","30.1","","15.6","","42","","12","","19","","","M","","M","34","","","","NA"
"1999-08-30 20:00","1999","08","30","20:00"," ","27.2","","16.0","","50","","12","","17","","","M","","M","32","","","","NA"
"1999-08-30 21:00","1999","08","30","21:00"," ","26.4","","16.6","","55","","13","","26","","","M","","M","31","","","","NA"
"1999-08-30 22:00","1999","08","30","22:00"," ","24.4","","16.9","","63","","15","","19","","","M","","M","30","","","","NA"
"1999-08-30 23:00","1999","08","30","23:00"," ","22.8","","16.2","","66","","16","","11","","","M","","M","28","","","","NA"
"1999-08-31 00:00","1999","08","31","00:00"," ","23.2","","14.6","","58","","15","","20","","","M","","M","27","","","","NA"
"1999-08-31 01:00","1999","08","31","01:00"," ","23.4","","13.9","","55","","23","","28","","","M","","M","27","","","","NA"
"1999-08-31 02:00","1999","08","31","02:00"," ","23.8","","13.1","","51","","16","","17","","","M","","M","27","","","","NA"
"1999-08-31 03:00","1999","08","31","03:00"," ","22.3","","13.8","","59","","17","","17","","","M","","M","26","","","","NA"
"1999-08-31 04:00","1999","08","31","04:00"," ","21.7","","15.0","","66","","6","","13","","","M","","M","26","","","","NA"
"1999-08-31 05:00","1999","08","31","05:00"," ","19.2","","16.4","","84","","29","","17","","","M","","M","","","","","NA"
"1999-08-31 06:00","1999","08","31","06:00"," ","17.6","","15.8","","89","","28","","24","","","M","","M","","","","","NA"
"1999-08-31 07:00","1999","08","31","07:00"," ","13.5","","12.7","","95","","29","","28","","","M","","M","","","","","NA"
"1999-08-31 08:00","1999","08","31","08:00"," ","12.9","","12.7","","99","","32","","28","","","M","","M","","","","","NA"
"1999-08-31 09:00","1999","08","31","09:00"," ","13.7","","13.3","","97","","32","","15","","","M","","M","","","","","NA"
"1999-08-31 10:00","1999","08","31","10:00"," ","14.5","","13.3","","93","","29","","17","","","M","","M","","","","","NA"
"1999-08-31 11:00","1999","08","31","11:00"," ","14.9","","12.1","","83","","29","","33","","","M","","M","","","","","NA"
"1999-08-31 12:00","1999","08","31","12:00"," ","14.0","","12.5","","91","","27","","32","","","M","","M","","","","","NA"
"1999-08-31 13:00","1999","08","31","13:00"," ","13.4","","11.2","","87","","27","","35","","","M","","M","","","","","NA"
"1999-08-31 14:00","1999","08","31","14:00"," ","14.6","","9.6","","72","","27","","35","","","M","","M","","","","","NA"
"1999-08-31 15:00","1999","08","31","15:00"," ","17.6","","8.1","","54","","27","","39","","","M","","M","","","","","NA"
"1999-08-31 16:00","1999","08","31","16:00"," ","19.1","","5.2","","40","","26","","35","","","M","","M","","","","","NA"
"1999-08-31 17:00","1999","08","31","17:00"," ","19.9","","3.9","","35","","25","","32","","","M","","M","","","","","NA"
"1999-08-31 18:00","1999","08","31","18:00"," ","19.6","","1.6","","30","","25","","35","","","M","","M","","","","","NA"
"1999-08-31 19:00","1999","08","31","19:00"," ","18.6","","2.1","","33","","24","","22","","","M","","M","","","","","NA"
"1999-08-31 20:00","1999","08","31","20:00"," ","15.3","","5.9","","53","","26","","28","","","M","","M","","","","","NA"
"1999-08-31 21:00","1999","08","31","21:00"," ","13.1","","6.3","","63","","26","","17","","","M","","M","","","","","NA"
"1999-08-31 22:00","1999","08","31","22:00"," ","11.1","","4.9","","66","","27","","28","","","M","","M","","","","","NA"
"1999-08-31 23:00","1999","08","31","23:00"," ","9.3","","4.8","","73","","27","","19","","","M","","M","","","","","NA"
